{"type":"FeatureCollection","features":[{"type":"Feature","geometry":{"type":"Point","coordinates":[-16.5218,13.46877]},"properties":{"name":"","kind":"river"}},{"type":"Feature","geometry":{"type":"Point","coordinates":[-16.50979,13.4605]},"properties":{"name":"","kind":"river"}},{"type":"Feature","geometry":{"type":"Point","coordinates":[-16.4783,13.44816]},"properties":{"name":"","kind":"river"}},{"type":"Feature","geometry":{"type":"Point","coordinates":[-16.48123,13.43203]},"properties":{"name":"","kind":"river"}},{"type":"Feature","geometry":{"type":"Point","coordinates":[-15.98207,16.51592]},"properties":{"name":"Sénégal السنغال","kind":"river"}},{"type":"Feature","geometry":{"type":"Point","coordinates":[-15.00878,16.65971]},"properties":{"name":"Sénégal السنغال","kind":"river"}},{"type":"Feature","geometry":{"type":"Point","coordinates":[-14.77673,16.56435]},"properties":{"name":"Doué","kind":"river"}},{"type":"Feature","geometry":{"type":"Point","coordinates":[-14.89767,16.60723]},"properties":{"name":"Doué","kind":"river"}},{"type":"Feature","geometry":{"type":"Point","coordinates":[-15.73796,16.40679]},"properties":{"name":"Taouey","kind":"river"}},{"type":"Feature","geometry":{"type":"Point","coordinates":[-14.82898,12.89593]},"properties":{"name":"La Casamance","kind":"river"}},{"type":"Feature","geometry":{"type":"Point","coordinates":[-14.97637,12.86009]},"properties":{"name":"La Casamance","kind":"river"}},{"type":"Feature","geometry":{"type":"Point","coordinates":[-15.07014,12.80635]},"properties":{"name":"La Casamance","kind":"river"}},{"type":"Feature","geometry":{"type":"Point","coordinates":[-14.69154,12.94729]},"properties":{"name":"","kind":"river"}},{"type":"Feature","geometry":{"type":"Point","coordinates":[-15.93956,14.09714]},"properties":{"name":"Saloum","kind":"river"}},{"type":"Feature","geometry":{"type":"Point","coordinates":[-15.77496,14.12538]},"properties":{"name":"Saloum","kind":"river"}},{"type":"Feature","geometry":{"type":"Point","coordinates":[-15.66538,12.0514]},"properties":{"name":"","kind":"river"}},{"type":"Feature","geometry":{"type":"Point","coordinates":[-16.23587,12.01533]},"properties":{"name":"","kind":"river"}},{"type":"Feature","geometry":{"type":"Point","coordinates":[-15.75354,11.99558]},"properties":{"name":"Rio Mansoa","kind":"river"}},{"type":"Feature","geometry":{"type":"Point","coordinates":[-15.69471,12.00179]},"properties":{"name":"Rio Mansoa","kind":"river"}},{"type":"Feature","geometry":{"type":"Point","coordinates":[-15.84668,11.97962]},"properties":{"name":"Rio Mansoa","kind":"river"}},{"type":"Feature","geometry":{"type":"Point","coordinates":[-16.59467,13.44646]},"properties":{"name":"","kind":"river"}},{"type":"Feature","geometry":{"type":"Point","coordinates":[-16.5409,13.48929]},"properties":{"name":"Niji Bolong","kind":"river"}},{"type":"Feature","geometry":{"type":"Point","coordinates":[-16.78674,13.36161]},"properties":{"name":"Tanji","kind":"river"}},{"type":"Feature","geometry":{"type":"Point","coordinates":[-16.66402,13.48362]},"properties":{"name":"Crocodile swamp","kind":"water"}},{"type":"Feature","geometry":{"type":"Point","coordinates":[-17.4318,14.72836]},"properties":{"name":"lac du parc","kind":"water"}},{"type":"Feature","geometry":{"type":"Point","coordinates":[-16.42062,16.21582]},"properties":{"name":"Sénégal السنغال","kind":"river"}},{"type":"Feature","geometry":{"type":"Point","coordinates":[-16.52545,13.54145]},"properties":{"name":"Niji Bolong","kind":"river"}},{"type":"Feature","geometry":{"type":"Point","coordinates":[-17.38526,14.76896]},"properties":{"name":"Bassin 2","kind":"water"}},{"type":"Feature","geometry":{"type":"Point","coordinates":[-17.38353,14.77097]},"properties":{"name":"Bassin 1","kind":"water"}},{"type":"Feature","geometry":{"type":"Point","coordinates":[-16.50224,14.39557]},"properties":{"name":"","kind":"river"}},{"type":"Feature","geometry":{"type":"Point","coordinates":[-16.40268,14.26185]},"properties":{"name":"Sine","kind":"river"}},{"type":"Feature","geometry":{"type":"Point","coordinates":[-17.00802,14.55956]},"properties":{"name":"Parc aux crocodiles","kind":"water"}},{"type":"Feature","geometry":{"type":"Point","coordinates":[-17.04389,14.52064]},"properties":{"name":"","kind":"river"}},{"type":"Feature","geometry":{"type":"Point","coordinates":[-16.53699,14.28784]},"properties":{"name":"Khabak","kind":"river"}},{"type":"Feature","geometry":{"type":"Point","coordinates":[-16.91924,14.31754]},"properties":{"name":"","kind":"river"}},{"type":"Feature","geometry":{"type":"Point","coordinates":[-17.30297,14.80953]},"properties":{"name":"Étang de Mbeubeuss","kind":"water"}},{"type":"Feature","geometry":{"type":"Point","coordinates":[-17.36601,14.77907]},"properties":{"name":"Wakhinane","kind":"water"}},{"type":"Feature","geometry":{"type":"Point","coordinates":[-17.32822,14.76979]},"properties":{"name":"Point d'eau","kind":"water"}},{"type":"Feature","geometry":{"type":"Point","coordinates":[-16.29812,16.06375]},"properties":{"name":"","kind":"river"}},{"type":"Feature","geometry":{"type":"Point","coordinates":[-17.35714,14.79033]},"properties":{"name":"Lac Warouwaye","kind":"water"}},{"type":"Feature","geometry":{"type":"Point","coordinates":[-17.34494,14.7948]},"properties":{"name":"Lac Wouye","kind":"water"}},{"type":"Feature","geometry":{"type":"Point","coordinates":[-14.59344,16.5794]},"properties":{"name":"Tiéli Mayil","kind":"river"}},{"type":"Feature","geometry":{"type":"Point","coordinates":[-15.03967,16.50916]},"properties":{"name":"","kind":"river"}},{"type":"Feature","geometry":{"type":"Point","coordinates":[-14.84176,16.55436]},"properties":{"name":"Ngalanka","kind":"river"}},{"type":"Feature","geometry":{"type":"Point","coordinates":[-15.69624,16.45708]},"properties":{"name":"","kind":"river"}},{"type":"Feature","geometry":{"type":"Point","coordinates":[-14.69447,16.68345]},"properties":{"name":"","kind":"river"}},{"type":"Feature","geometry":{"type":"Point","coordinates":[-14.65609,16.67993]},"properties":{"name":"","kind":"river"}},{"type":"Feature","geometry":{"type":"Point","coordinates":[-15.01974,16.66995]},"properties":{"name":"Koundi كوندي","kind":"river"}},{"type":"Feature","geometry":{"type":"Point","coordinates":[-15.13751,16.60445]},"properties":{"name":"Marigot de Kiraye خليج كيري","kind":"river"}},{"type":"Feature","geometry":{"type":"Point","coordinates":[-15.08905,16.62006]},"properties":{"name":"Sénégal السنغال","kind":"river"}},{"type":"Feature","geometry":{"type":"Point","coordinates":[-15.68096,16.47507]},"properties":{"name":"","kind":"river"}},{"type":"Feature","geometry":{"type":"Point","coordinates":[-16.03694,14.10345]},"properties":{"name":"","kind":"river"}},{"type":"Feature","geometry":{"type":"Point","coordinates":[-16.2208,13.65407]},"properties":{"name":"Koular Bôlon","kind":"river"}},{"type":"Feature","geometry":{"type":"Point","coordinates":[-16.59556,12.38583]},"properties":{"name":"","kind":"river"}},{"type":"Feature","geometry":{"type":"Point","coordinates":[-16.60628,12.38556]},"properties":{"name":"","kind":"river"}},{"type":"Feature","geometry":{"type":"Point","coordinates":[-16.59394,12.37764]},"properties":{"name":"","kind":"river"}},{"type":"Feature","geometry":{"type":"Point","coordinates":[-16.61851,12.37296]},"properties":{"name":"","kind":"river"}},{"type":"Feature","geometry":{"type":"Point","coordinates":[-16.60268,12.42519]},"properties":{"name":"","kind":"river"}},{"type":"Feature","geometry":{"type":"Point","coordinates":[-16.61151,12.38626]},"properties":{"name":"","kind":"river"}},{"type":"Feature","geometry":{"type":"Point","coordinates":[-16.64508,12.36937]},"properties":{"name":"","kind":"river"}},{"type":"Feature","geometry":{"type":"Point","coordinates":[-16.63902,12.36932]},"properties":{"name":"","kind":"river"}},{"type":"Feature","geometry":{"type":"Point","coordinates":[-16.64115,12.37548]},"properties":{"name":"","kind":"river"}},{"type":"Feature","geometry":{"type":"Point","coordinates":[-16.65361,12.49108]},"properties":{"name":"","kind":"river"}},{"type":"Feature","geometry":{"type":"Point","coordinates":[-16.64858,12.43243]},"properties":{"name":"","kind":"river"}},{"type":"Feature","geometry":{"type":"Point","coordinates":[-16.40749,12.61414]},"properties":{"name":"","kind":"river"}},{"type":"Feature","geometry":{"type":"Point","coordinates":[-16.31486,12.58923]},"properties":{"name":"","kind":"river"}},{"type":"Feature","geometry":{"type":"Point","coordinates":[-16.3743,12.59703]},"properties":{"name":"","kind":"river"}},{"type":"Feature","geometry":{"type":"Point","coordinates":[-16.66452,12.37873]},"properties":{"name":"","kind":"river"}},{"type":"Feature","geometry":{"type":"Point","coordinates":[-16.66717,12.38602]},"properties":{"name":"","kind":"river"}},{"type":"Feature","geometry":{"type":"Point","coordinates":[-16.6616,12.3813]},"properties":{"name":"","kind":"river"}},{"type":"Feature","geometry":{"type":"Point","coordinates":[-16.66969,12.38646]},"properties":{"name":"","kind":"river"}},{"type":"Feature","geometry":{"type":"Point","coordinates":[-16.70567,12.54274]},"properties":{"name":"","kind":"river"}},{"type":"Feature","geometry":{"type":"Point","coordinates":[-16.70972,12.54794]},"properties":{"name":"","kind":"river"}},{"type":"Feature","geometry":{"type":"Point","coordinates":[-16.71545,12.54181]},"properties":{"name":"","kind":"river"}},{"type":"Feature","geometry":{"type":"Point","coordinates":[-16.69877,12.53506]},"properties":{"name":"","kind":"river"}},{"type":"Feature","geometry":{"type":"Point","coordinates":[-16.69998,12.52617]},"properties":{"name":"","kind":"river"}},{"type":"Feature","geometry":{"type":"Point","coordinates":[-16.68154,12.53114]},"properties":{"name":"","kind":"river"}},{"type":"Feature","geometry":{"type":"Point","coordinates":[-16.69244,12.52552]},"properties":{"name":"","kind":"river"}},{"type":"Feature","geometry":{"type":"Point","coordinates":[-16.68416,12.54092]},"properties":{"name":"","kind":"river"}},{"type":"Feature","geometry":{"type":"Point","coordinates":[-16.5668,12.58785]},"properties":{"name":"","kind":"river"}},{"type":"Feature","geometry":{"type":"Point","coordinates":[-16.37035,12.60493]},"properties":{"name":"","kind":"river"}},{"type":"Feature","geometry":{"type":"Point","coordinates":[-16.56094,12.92642]},"properties":{"name":"","kind":"river"}},{"type":"Feature","geometry":{"type":"Point","coordinates":[-16.63867,12.66071]},"properties":{"name":"","kind":"river"}},{"type":"Feature","geometry":{"type":"Point","coordinates":[-16.62551,12.89209]},"properties":{"name":"","kind":"river"}},{"type":"Feature","geometry":{"type":"Point","coordinates":[-16.62656,12.8995]},"properties":{"name":"","kind":"river"}},{"type":"Feature","geometry":{"type":"Point","coordinates":[-16.37404,12.61404]},"properties":{"name":"","kind":"river"}},{"type":"Feature","geometry":{"type":"Point","coordinates":[-16.37479,12.61608]},"properties":{"name":"","kind":"river"}},{"type":"Feature","geometry":{"type":"Point","coordinates":[-16.3687,12.61217]},"properties":{"name":"","kind":"river"}},{"type":"Feature","geometry":{"type":"Point","coordinates":[-16.3805,12.62743]},"properties":{"name":"","kind":"river"}},{"type":"Feature","geometry":{"type":"Point","coordinates":[-16.60383,12.88663]},"properties":{"name":"","kind":"river"}},{"type":"Feature","geometry":{"type":"Point","coordinates":[-15.37361,16.73258]},"properties":{"name":"Laououaja","kind":"water"}},{"type":"Feature","geometry":{"type":"Point","coordinates":[-16.30271,14.8491]},"properties":{"name":"Lake Jake","kind":"water"}},{"type":"Feature","geometry":{"type":"Point","coordinates":[-15.09442,13.68516]},"properties":{"name":"Gambia River","kind":"river"}},{"type":"Feature","geometry":{"type":"Point","coordinates":[-14.89624,13.56656]},"properties":{"name":"Gambia River","kind":"river"}},{"type":"Feature","geometry":{"type":"Point","coordinates":[-16.09919,12.58518]},"properties":{"name":"","kind":"river"}},{"type":"Feature","geometry":{"type":"Point","coordinates":[-14.98297,16.51782]},"properties":{"name":"","kind":"river"}},{"type":"Feature","geometry":{"type":"Point","coordinates":[-16.48356,13.76948]},"properties":{"name":"","kind":"river"}},{"type":"Feature","geometry":{"type":"Point","coordinates":[-16.41844,16.08293]},"properties":{"name":"Le Djeuss","kind":"river"}},{"type":"Feature","geometry":{"type":"Point","coordinates":[-16.66275,12.48877]},"properties":{"name":"","kind":"river"}},{"type":"Feature","geometry":{"type":"Point","coordinates":[-16.03836,12.34387]},"properties":{"name":"Rio Cacheu","kind":"river"}},{"type":"Feature","geometry":{"type":"Point","coordinates":[-15.9906,12.38536]},"properties":{"name":"","kind":"river"}},{"type":"Feature","geometry":{"type":"Point","coordinates":[-15.96342,12.41135]},"properties":{"name":"","kind":"river"}},{"type":"Feature","geometry":{"type":"Point","coordinates":[-15.99114,12.36481]},"properties":{"name":"","kind":"river"}},{"type":"Feature","geometry":{"type":"Point","coordinates":[-15.91812,12.41762]},"properties":{"name":"","kind":"river"}},{"type":"Feature","geometry":{"type":"Point","coordinates":[-15.99728,12.34794]},"properties":{"name":"","kind":"river"}},{"type":"Feature","geometry":{"type":"Point","coordinates":[-15.74997,12.53633]},"properties":{"name":"","kind":"river"}},{"type":"Feature","geometry":{"type":"Point","coordinates":[-16.51107,14.36743]},"properties":{"name":"","kind":"river"}},{"type":"Feature","geometry":{"type":"Point","coordinates":[-16.51805,14.33693]},"properties":{"name":"","kind":"river"}},{"type":"Feature","geometry":{"type":"Point","coordinates":[-15.4849,16.5594]},"properties":{"name":"Sénégal السنغال","kind":"river"}},{"type":"Feature","geometry":{"type":"Point","coordinates":[-15.65244,16.48436]},"properties":{"name":"Sénégal السنغال","kind":"river"}},{"type":"Feature","geometry":{"type":"Point","coordinates":[-14.38512,16.58339]},"properties":{"name":"Sénégal السنغال","kind":"river"}},{"type":"Feature","geometry":{"type":"Point","coordinates":[-14.65804,16.63345]},"properties":{"name":"Sénégal السنغال","kind":"river"}},{"type":"Feature","geometry":{"type":"Point","coordinates":[-15.09346,16.63319]},"properties":{"name":"Sénégal السنغال","kind":"river"}},{"type":"Feature","geometry":{"type":"Point","coordinates":[-15.21844,16.57106]},"properties":{"name":"Sénégal السنغال","kind":"river"}},{"type":"Feature","geometry":{"type":"Point","coordinates":[-17.39937,14.77022]},"properties":{"name":"Cascade","kind":"water"}},{"type":"Feature","geometry":{"type":"Point","coordinates":[-16.41472,16.21576]},"properties":{"name":"Sénégal السنغال","kind":"river"}},{"type":"Feature","geometry":{"type":"Point","coordinates":[-16.46718,12.88283]},"properties":{"name":"Baïla","kind":"river"}},{"type":"Feature","geometry":{"type":"Point","coordinates":[-16.58558,12.96479]},"properties":{"name":"Diouloulou Bôlon","kind":"river"}},{"type":"Feature","geometry":{"type":"Point","coordinates":[-16.40657,12.60547]},"properties":{"name":"","kind":"river"}},{"type":"Feature","geometry":{"type":"Point","coordinates":[-16.36274,12.61454]},"properties":{"name":"","kind":"river"}},{"type":"Feature","geometry":{"type":"Point","coordinates":[-16.56256,12.81542]},"properties":{"name":"","kind":"river"}},{"type":"Feature","geometry":{"type":"Point","coordinates":[-16.55322,12.83465]},"properties":{"name":"","kind":"river"}},{"type":"Feature","geometry":{"type":"Point","coordinates":[-16.56538,12.80659]},"properties":{"name":"","kind":"river"}},{"type":"Feature","geometry":{"type":"Point","coordinates":[-16.56662,12.83423]},"properties":{"name":"","kind":"river"}},{"type":"Feature","geometry":{"type":"Point","coordinates":[-16.57126,12.8171]},"properties":{"name":"","kind":"river"}},{"type":"Feature","geometry":{"type":"Point","coordinates":[-16.56531,12.82325]},"properties":{"name":"","kind":"river"}},{"type":"Feature","geometry":{"type":"Point","coordinates":[-16.57056,12.8192]},"properties":{"name":"","kind":"river"}},{"type":"Feature","geometry":{"type":"Point","coordinates":[-16.57968,12.81286]},"properties":{"name":"","kind":"river"}},{"type":"Feature","geometry":{"type":"Point","coordinates":[-16.56382,12.8463]},"properties":{"name":"","kind":"river"}},{"type":"Feature","geometry":{"type":"Point","coordinates":[-16.56539,12.81762]},"properties":{"name":"","kind":"river"}},{"type":"Feature","geometry":{"type":"Point","coordinates":[-17.35691,14.76837]},"properties":{"name":"Quartier Bass","kind":"water"}},{"type":"Feature","geometry":{"type":"Point","coordinates":[-17.3517,14.76913]},"properties":{"name":"Toolou Mère Laye","kind":"water"}},{"type":"Feature","geometry":{"type":"Point","coordinates":[-17.18962,14.6686]},"properties":{"name":"","kind":"river"}},{"type":"Feature","geometry":{"type":"Point","coordinates":[-17.18741,14.66542]},"properties":{"name":"","kind":"river"}},{"type":"Feature","geometry":{"type":"Point","coordinates":[-16.46851,12.87645]},"properties":{"name":"","kind":"river"}},{"type":"Feature","geometry":{"type":"Point","coordinates":[-16.62101,12.93344]},"properties":{"name":"","kind":"river"}},{"type":"Feature","geometry":{"type":"Point","coordinates":[-14.61061,13.4998]},"properties":{"name":"Gambie","kind":"river"}},{"type":"Feature","geometry":{"type":"Point","coordinates":[-15.69345,13.24368]},"properties":{"name":"Bitang Boloŋ","kind":"river"}},{"type":"Feature","geometry":{"type":"Point","coordinates":[-15.84605,13.26093]},"properties":{"name":"Bitang Boloŋ","kind":"river"}},{"type":"Feature","geometry":{"type":"Point","coordinates":[-15.18683,15.46611]},"properties":{"name":"Ferlo","kind":"river"}},{"type":"Feature","geometry":{"type":"Point","coordinates":[-16.5855,13.45058]},"properties":{"name":"","kind":"river"}},{"type":"Feature","geometry":{"type":"Point","coordinates":[-17.14287,14.7558]},"properties":{"name":"Beute","kind":"water"}},{"type":"Feature","geometry":{"type":"Point","coordinates":[-14.84784,16.64218]},"properties":{"name":"Sénégal السنغال","kind":"river"}},{"type":"Feature","geometry":{"type":"Point","coordinates":[-16.25943,12.60548]},"properties":{"name":"","kind":"river"}},{"type":"Feature","geometry":{"type":"Point","coordinates":[-14.42354,13.37261]},"properties":{"name":"Gambie","kind":"river"}},{"type":"Feature","geometry":{"type":"Point","coordinates":[-14.8669,13.53611]},"properties":{"name":"Pachar Bolon","kind":"river"}},{"type":"Feature","geometry":{"type":"Point","coordinates":[-16.75629,13.36149]},"properties":{"name":"Tanji","kind":"river"}},{"type":"Feature","geometry":{"type":"Point","coordinates":[-16.69036,13.42655]},"properties":{"name":"Kotu Creek","kind":"river"}},{"type":"Feature","geometry":{"type":"Point","coordinates":[-16.69715,13.44859]},"properties":{"name":"Kotu Creek","kind":"river"}},{"type":"Feature","geometry":{"type":"Point","coordinates":[-16.68988,13.4344]},"properties":{"name":"Kotu Creek","kind":"river"}},{"type":"Feature","geometry":{"type":"Point","coordinates":[-15.85339,12.35001]},"properties":{"name":"Rio de Abul","kind":"river"}},{"type":"Feature","geometry":{"type":"Point","coordinates":[-15.94853,12.679]},"properties":{"name":"","kind":"river"}},{"type":"Feature","geometry":{"type":"Point","coordinates":[-16.46745,13.47853]},"properties":{"name":"","kind":"river"}},{"type":"Feature","geometry":{"type":"Point","coordinates":[-16.44459,13.42246]},"properties":{"name":"","kind":"river"}},{"type":"Feature","geometry":{"type":"Point","coordinates":[-16.43402,13.40482]},"properties":{"name":"","kind":"river"}},{"type":"Feature","geometry":{"type":"Point","coordinates":[-16.77864,13.16212]},"properties":{"name":"","kind":"river"}},{"type":"Feature","geometry":{"type":"Point","coordinates":[-16.35931,12.89752]},"properties":{"name":"BASSIN PISCICOL","kind":"water"}},{"type":"Feature","geometry":{"type":"Point","coordinates":[-15.35535,13.5709]},"properties":{"name":"Gambia River","kind":"river"}},{"type":"Feature","geometry":{"type":"Point","coordinates":[-15.49764,13.49839]},"properties":{"name":"Gambia River","kind":"river"}},{"type":"Feature","geometry":{"type":"Point","coordinates":[-16.53765,13.38914]},"properties":{"name":"Gambia River","kind":"river"}},{"type":"Feature","geometry":{"type":"Point","coordinates":[-16.30982,13.32525]},"properties":{"name":"Gambia River","kind":"river"}},{"type":"Feature","geometry":{"type":"Point","coordinates":[-15.02505,13.47295]},"properties":{"name":"","kind":"river"}},{"type":"Feature","geometry":{"type":"Point","coordinates":[-15.24081,13.53101]},"properties":{"name":"Pakaliba Bridge","kind":"river"}},{"type":"Feature","geometry":{"type":"Point","coordinates":[-16.54787,13.44577]},"properties":{"name":"Gambia River","kind":"river"}},{"type":"Feature","geometry":{"type":"Point","coordinates":[-15.65098,12.00904]},"properties":{"name":"Rio Mansoa","kind":"river"}},{"type":"Feature","geometry":{"type":"Point","coordinates":[-15.38381,12.05994]},"properties":{"name":"Rio Mansoa","kind":"river"}},{"type":"Feature","geometry":{"type":"Point","coordinates":[-14.88552,13.67693]},"properties":{"name":"","kind":"river"}},{"type":"Feature","geometry":{"type":"Point","coordinates":[-17.27952,14.72945]},"properties":{"name":"","kind":"river"}},{"type":"Feature","geometry":{"type":"Point","coordinates":[-14.97856,16.56942]},"properties":{"name":"","kind":"river"}},{"type":"Feature","geometry":{"type":"Point","coordinates":[-17.18714,14.73416]},"properties":{"name":"Lac de Diamniadio","kind":"water"}},{"type":"Feature","geometry":{"type":"Point","coordinates":[-15.33022,12.06414]},"properties":{"name":"","kind":"river"}},{"type":"Feature","geometry":{"type":"Point","coordinates":[-15.31107,12.05817]},"properties":{"name":"Rio Mansoa","kind":"river"}},{"type":"Feature","geometry":{"type":"Point","coordinates":[-15.31702,12.06156]},"properties":{"name":"","kind":"river"}},{"type":"Feature","geometry":{"type":"Point","coordinates":[-16.31185,13.23529]},"properties":{"name":"","kind":"river"}},{"type":"Feature","geometry":{"type":"Point","coordinates":[-16.3105,13.23303]},"properties":{"name":"","kind":"river"}},{"type":"Feature","geometry":{"type":"Point","coordinates":[-16.31538,13.23453]},"properties":{"name":"","kind":"river"}},{"type":"Feature","geometry":{"type":"Point","coordinates":[-16.30295,13.23382]},"properties":{"name":"","kind":"river"}},{"type":"Feature","geometry":{"type":"Point","coordinates":[-16.30393,13.2332]},"properties":{"name":"","kind":"river"}},{"type":"Feature","geometry":{"type":"Point","coordinates":[-16.3028,13.23342]},"properties":{"name":"","kind":"river"}},{"type":"Feature","geometry":{"type":"Point","coordinates":[-16.30521,13.23363]},"properties":{"name":"","kind":"river"}},{"type":"Feature","geometry":{"type":"Point","coordinates":[-16.30712,13.23323]},"properties":{"name":"","kind":"river"}},{"type":"Feature","geometry":{"type":"Point","coordinates":[-16.30615,13.23333]},"properties":{"name":"","kind":"river"}},{"type":"Feature","geometry":{"type":"Point","coordinates":[-16.30227,13.23403]},"properties":{"name":"","kind":"river"}},{"type":"Feature","geometry":{"type":"Point","coordinates":[-16.30381,13.23412]},"properties":{"name":"","kind":"river"}},{"type":"Feature","geometry":{"type":"Point","coordinates":[-16.30543,13.23388]},"properties":{"name":"","kind":"river"}},{"type":"Feature","geometry":{"type":"Point","coordinates":[-16.30466,13.23388]},"properties":{"name":"","kind":"river"}},{"type":"Feature","geometry":{"type":"Point","coordinates":[-16.30918,13.23259]},"properties":{"name":"","kind":"river"}},{"type":"Feature","geometry":{"type":"Point","coordinates":[-16.33487,13.23768]},"properties":{"name":"","kind":"river"}},{"type":"Feature","geometry":{"type":"Point","coordinates":[-16.34393,13.24749]},"properties":{"name":"","kind":"river"}},{"type":"Feature","geometry":{"type":"Point","coordinates":[-16.34199,13.25695]},"properties":{"name":"","kind":"river"}},{"type":"Feature","geometry":{"type":"Point","coordinates":[-16.34181,13.25133]},"properties":{"name":"","kind":"river"}},{"type":"Feature","geometry":{"type":"Point","coordinates":[-16.33582,13.24732]},"properties":{"name":"","kind":"river"}},{"type":"Feature","geometry":{"type":"Point","coordinates":[-16.33868,13.22573]},"properties":{"name":"","kind":"river"}},{"type":"Feature","geometry":{"type":"Point","coordinates":[-16.33811,13.22703]},"properties":{"name":"","kind":"river"}},{"type":"Feature","geometry":{"type":"Point","coordinates":[-16.34606,13.21454]},"properties":{"name":"","kind":"river"}},{"type":"Feature","geometry":{"type":"Point","coordinates":[-16.36737,13.24264]},"properties":{"name":"","kind":"river"}},{"type":"Feature","geometry":{"type":"Point","coordinates":[-16.36189,13.24695]},"properties":{"name":"","kind":"river"}},{"type":"Feature","geometry":{"type":"Point","coordinates":[-16.36467,13.24203]},"properties":{"name":"","kind":"river"}},{"type":"Feature","geometry":{"type":"Point","coordinates":[-14.97712,15.50964]},"properties":{"name":"","kind":"river"}},{"type":"Feature","geometry":{"type":"Point","coordinates":[-14.58319,12.33488]},"properties":{"name":"Rio Geba","kind":"river"}},{"type":"Feature","geometry":{"type":"Point","coordinates":[-14.67493,12.22058]},"properties":{"name":"Río Geba","kind":"river"}},{"type":"Feature","geometry":{"type":"Point","coordinates":[-14.75033,12.13715]},"properties":{"name":"Río Geba","kind":"river"}},{"type":"Feature","geometry":{"type":"Point","coordinates":[-14.63771,12.31028]},"properties":{"name":"Río Geba","kind":"river"}},{"type":"Feature","geometry":{"type":"Point","coordinates":[-14.59778,12.14266]},"properties":{"name":"Rio Colufi","kind":"river"}},{"type":"Feature","geometry":{"type":"Point","coordinates":[-14.96615,11.98687]},"properties":{"name":"Rio Geba","kind":"river"}},{"type":"Feature","geometry":{"type":"Point","coordinates":[-14.89137,12.06173]},"properties":{"name":"Río Geba","kind":"river"}},{"type":"Feature","geometry":{"type":"Point","coordinates":[-16.9295,14.80317]},"properties":{"name":"Thialy","kind":"water"}},{"type":"Feature","geometry":{"type":"Point","coordinates":[-16.92253,14.81035]},"properties":{"name":"Nguinth","kind":"water"}},{"type":"Feature","geometry":{"type":"Point","coordinates":[-16.35987,12.50634]},"properties":{"name":"","kind":"river"}},{"type":"Feature","geometry":{"type":"Point","coordinates":[-16.36613,12.49901]},"properties":{"name":"","kind":"river"}},{"type":"Feature","geometry":{"type":"Point","coordinates":[-16.74735,12.87904]},"properties":{"name":"","kind":"river"}},{"type":"Feature","geometry":{"type":"Point","coordinates":[-16.73817,12.87716]},"properties":{"name":"","kind":"river"}},{"type":"Feature","geometry":{"type":"Point","coordinates":[-16.01475,14.11137]},"properties":{"name":"Saloum","kind":"river"}},{"type":"Feature","geometry":{"type":"Point","coordinates":[-16.24076,14.16071]},"properties":{"name":"Saloum","kind":"river"}},{"type":"Feature","geometry":{"type":"Point","coordinates":[-16.00448,14.1093]},"properties":{"name":"Saloum","kind":"river"}},{"type":"Feature","geometry":{"type":"Point","coordinates":[-16.02018,14.12942]},"properties":{"name":"Saloum","kind":"river"}},{"type":"Feature","geometry":{"type":"Point","coordinates":[-15.5842,13.77428]},"properties":{"name":"Bassin de retention","kind":"water"}},{"type":"Feature","geometry":{"type":"Point","coordinates":[-16.35689,14.24528]},"properties":{"name":"","kind":"river"}},{"type":"Feature","geometry":{"type":"Point","coordinates":[-15.52469,12.8142]},"properties":{"name":"","kind":"river"}},{"type":"Feature","geometry":{"type":"Point","coordinates":[-16.7491,12.93135]},"properties":{"name":"Lac Sito Koto","kind":"water"}},{"type":"Feature","geometry":{"type":"Point","coordinates":[-16.50503,12.31149]},"properties":{"name":"","kind":"river"}},{"type":"Feature","geometry":{"type":"Point","coordinates":[-16.53682,12.30963]},"properties":{"name":"","kind":"river"}},{"type":"Feature","geometry":{"type":"Point","coordinates":[-16.47907,12.27033]},"properties":{"name":"","kind":"river"}},{"type":"Feature","geometry":{"type":"Point","coordinates":[-16.47746,12.27164]},"properties":{"name":"","kind":"river"}},{"type":"Feature","geometry":{"type":"Point","coordinates":[-16.47418,12.26529]},"properties":{"name":"","kind":"river"}},{"type":"Feature","geometry":{"type":"Point","coordinates":[-16.0442,14.06212]},"properties":{"name":"Tenn","kind":"water"}},{"type":"Feature","geometry":{"type":"Point","coordinates":[-16.2601,16.41356]},"properties":{"name":"Sénégal السنغال","kind":"river"}},{"type":"Feature","geometry":{"type":"Point","coordinates":[-16.47653,16.04755]},"properties":{"name":"","kind":"river"}},{"type":"Feature","geometry":{"type":"Point","coordinates":[-16.4899,16.03384]},"properties":{"name":"","kind":"river"}},{"type":"Feature","geometry":{"type":"Point","coordinates":[-16.4939,16.04458]},"properties":{"name":"Sénégal","kind":"river"}},{"type":"Feature","geometry":{"type":"Point","coordinates":[-16.48216,16.06048]},"properties":{"name":"Sénégal السنغال","kind":"river"}},{"type":"Feature","geometry":{"type":"Point","coordinates":[-16.41817,16.08135]},"properties":{"name":"N'Galam","kind":"river"}},{"type":"Feature","geometry":{"type":"Point","coordinates":[-16.24217,16.21033]},"properties":{"name":"Lampsar","kind":"river"}},{"type":"Feature","geometry":{"type":"Point","coordinates":[-16.40141,16.09307]},"properties":{"name":"Le Djeuss","kind":"river"}},{"type":"Feature","geometry":{"type":"Point","coordinates":[-16.45531,16.08927]},"properties":{"name":"السنغال","kind":"river"}},{"type":"Feature","geometry":{"type":"Point","coordinates":[-16.50312,16.09195]},"properties":{"name":"","kind":"river"}},{"type":"Feature","geometry":{"type":"Point","coordinates":[-16.50315,16.06786]},"properties":{"name":"","kind":"river"}},{"type":"Feature","geometry":{"type":"Point","coordinates":[-16.39352,16.0198]},"properties":{"name":"N'Galam","kind":"river"}},{"type":"Feature","geometry":{"type":"Point","coordinates":[-16.39922,16.0764]},"properties":{"name":"N'Galam","kind":"river"}},{"type":"Feature","geometry":{"type":"Point","coordinates":[-16.20634,16.38035]},"properties":{"name":"Le Gorom","kind":"river"}},{"type":"Feature","geometry":{"type":"Point","coordinates":[-16.38058,16.24618]},"properties":{"name":"Sénégal السنغال","kind":"river"}},{"type":"Feature","geometry":{"type":"Point","coordinates":[-16.34291,16.30675]},"properties":{"name":"","kind":"river"}},{"type":"Feature","geometry":{"type":"Point","coordinates":[-16.36342,16.11575]},"properties":{"name":"Lampsar","kind":"river"}},{"type":"Feature","geometry":{"type":"Point","coordinates":[-16.24078,16.41532]},"properties":{"name":"Djoudi","kind":"river"}},{"type":"Feature","geometry":{"type":"Point","coordinates":[-16.45252,16.06676]},"properties":{"name":"","kind":"river"}},{"type":"Feature","geometry":{"type":"Point","coordinates":[-16.45119,16.06755]},"properties":{"name":"","kind":"river"}},{"type":"Feature","geometry":{"type":"Point","coordinates":[-16.46507,16.06603]},"properties":{"name":"","kind":"river"}},{"type":"Feature","geometry":{"type":"Point","coordinates":[-16.45198,16.06728]},"properties":{"name":"","kind":"river"}},{"type":"Feature","geometry":{"type":"Point","coordinates":[-16.40205,16.05677]},"properties":{"name":"N'Galam","kind":"river"}},{"type":"Feature","geometry":{"type":"Point","coordinates":[-16.4035,16.07085]},"properties":{"name":"N'Galam","kind":"river"}},{"type":"Feature","geometry":{"type":"Point","coordinates":[-16.43808,16.07337]},"properties":{"name":"","kind":"river"}},{"type":"Feature","geometry":{"type":"Point","coordinates":[-16.43313,16.20917]},"properties":{"name":"","kind":"river"}},{"type":"Feature","geometry":{"type":"Point","coordinates":[-16.43626,16.14726]},"properties":{"name":"","kind":"river"}},{"type":"Feature","geometry":{"type":"Point","coordinates":[-16.44003,16.17312]},"properties":{"name":"","kind":"river"}},{"type":"Feature","geometry":{"type":"Point","coordinates":[-16.31094,16.35986]},"properties":{"name":"Le Diar","kind":"river"}},{"type":"Feature","geometry":{"type":"Point","coordinates":[-16.18763,16.52086]},"properties":{"name":"","kind":"river"}},{"type":"Feature","geometry":{"type":"Point","coordinates":[-16.09761,16.51622]},"properties":{"name":"","kind":"river"}},{"type":"Feature","geometry":{"type":"Point","coordinates":[-16.18618,16.54878]},"properties":{"name":"","kind":"river"}},{"type":"Feature","geometry":{"type":"Point","coordinates":[-16.42555,16.5868]},"properties":{"name":"","kind":"river"}},{"type":"Feature","geometry":{"type":"Point","coordinates":[-16.39881,16.34284]},"properties":{"name":"","kind":"river"}},{"type":"Feature","geometry":{"type":"Point","coordinates":[-15.69268,16.47014]},"properties":{"name":"Taouey","kind":"river"}},{"type":"Feature","geometry":{"type":"Point","coordinates":[-15.68069,16.47398]},"properties":{"name":"","kind":"river"}},{"type":"Feature","geometry":{"type":"Point","coordinates":[-15.69452,16.47131]},"properties":{"name":"","kind":"river"}},{"type":"Feature","geometry":{"type":"Point","coordinates":[-15.69247,16.46751]},"properties":{"name":"Taouey","kind":"river"}},{"type":"Feature","geometry":{"type":"Point","coordinates":[-15.6977,16.45921]},"properties":{"name":"","kind":"river"}},{"type":"Feature","geometry":{"type":"Point","coordinates":[-15.5441,16.51297]},"properties":{"name":"","kind":"river"}},{"type":"Feature","geometry":{"type":"Point","coordinates":[-15.03116,16.61275]},"properties":{"name":"Doué","kind":"river"}},{"type":"Feature","geometry":{"type":"Point","coordinates":[-14.55299,16.67819]},"properties":{"name":"","kind":"river"}},{"type":"Feature","geometry":{"type":"Point","coordinates":[-14.58175,16.60104]},"properties":{"name":"","kind":"river"}},{"type":"Feature","geometry":{"type":"Point","coordinates":[-15.95423,12.88656]},"properties":{"name":"Soungrougrou","kind":"river"}},{"type":"Feature","geometry":{"type":"Point","coordinates":[-14.55947,16.62045]},"properties":{"name":"Sénégal السنغال","kind":"river"}},{"type":"Feature","geometry":{"type":"Point","coordinates":[-14.53262,16.63367]},"properties":{"name":"Sénégal السنغال","kind":"river"}},{"type":"Feature","geometry":{"type":"Point","coordinates":[-15.44685,16.59785]},"properties":{"name":"","kind":"river"}},{"type":"Feature","geometry":{"type":"Point","coordinates":[-15.4293,16.59159]},"properties":{"name":"","kind":"river"}},{"type":"Feature","geometry":{"type":"Point","coordinates":[-14.76174,16.61377]},"properties":{"name":"Lounguéré Baba","kind":"water"}},{"type":"Feature","geometry":{"type":"Point","coordinates":[-14.60921,16.56116]},"properties":{"name":"Marigot Vourogne","kind":"river"}},{"type":"Feature","geometry":{"type":"Point","coordinates":[-14.51547,16.55478]},"properties":{"name":"","kind":"river"}},{"type":"Feature","geometry":{"type":"Point","coordinates":[-14.74444,16.5989]},"properties":{"name":"Marigot de Gayo","kind":"river"}},{"type":"Feature","geometry":{"type":"Point","coordinates":[-16.48637,16.11875]},"properties":{"name":"Marigot de Tibunoye جون تيبونوي","kind":"river"}},{"type":"Feature","geometry":{"type":"Point","coordinates":[-16.49646,16.10422]},"properties":{"name":"Marigot de Tibunoye جون تيبونوي","kind":"river"}},{"type":"Feature","geometry":{"type":"Point","coordinates":[-16.24485,16.39469]},"properties":{"name":"Marigot de Khar","kind":"river"}},{"type":"Feature","geometry":{"type":"Point","coordinates":[-16.24382,16.38198]},"properties":{"name":"Marigot de Khar","kind":"river"}},{"type":"Feature","geometry":{"type":"Point","coordinates":[-16.21586,16.45718]},"properties":{"name":"Lac du Lamartin","kind":"water"}},{"type":"Feature","geometry":{"type":"Point","coordinates":[-15.70861,16.54408]},"properties":{"name":"","kind":"river"}},{"type":"Feature","geometry":{"type":"Point","coordinates":[-15.58766,16.64674]},"properties":{"name":"Tambass تامباس","kind":"water"}},{"type":"Feature","geometry":{"type":"Point","coordinates":[-15.62319,16.58826]},"properties":{"name":"","kind":"river"}},{"type":"Feature","geometry":{"type":"Point","coordinates":[-15.48276,15.68687]},"properties":{"name":"Ferlo","kind":"river"}},{"type":"Feature","geometry":{"type":"Point","coordinates":[-15.51573,16.62306]},"properties":{"name":"","kind":"river"}},{"type":"Feature","geometry":{"type":"Point","coordinates":[-15.57861,16.63603]},"properties":{"name":"Gnieguer كنيكر","kind":"water"}},{"type":"Feature","geometry":{"type":"Point","coordinates":[-15.397,16.57538]},"properties":{"name":"Gao بحيرة كاو","kind":"water"}},{"type":"Feature","geometry":{"type":"Point","coordinates":[-15.43859,16.58783]},"properties":{"name":"","kind":"river"}},{"type":"Feature","geometry":{"type":"Point","coordinates":[-15.36502,16.54113]},"properties":{"name":"","kind":"river"}},{"type":"Feature","geometry":{"type":"Point","coordinates":[-15.05354,16.52921]},"properties":{"name":"Ngalanka","kind":"river"}},{"type":"Feature","geometry":{"type":"Point","coordinates":[-15.34539,16.58502]},"properties":{"name":"Diayane ديايان","kind":"river"}},{"type":"Feature","geometry":{"type":"Point","coordinates":[-15.20303,16.60492]},"properties":{"name":"Marigot de Kiraye خليج كيري","kind":"river"}},{"type":"Feature","geometry":{"type":"Point","coordinates":[-14.84472,16.55247]},"properties":{"name":"Ngalanka","kind":"river"}},{"type":"Feature","geometry":{"type":"Point","coordinates":[-14.78301,16.5632]},"properties":{"name":"","kind":"river"}},{"type":"Feature","geometry":{"type":"Point","coordinates":[-17.01413,15.02498]},"properties":{"name":"Lac de Mékhé","kind":"water"}},{"type":"Feature","geometry":{"type":"Point","coordinates":[-17.12277,14.8876]},"properties":{"name":"Lac Mbawane","kind":"water"}},{"type":"Feature","geometry":{"type":"Point","coordinates":[-16.62428,14.24903]},"properties":{"name":"","kind":"river"}},{"type":"Feature","geometry":{"type":"Point","coordinates":[-16.6152,14.37752]},"properties":{"name":"","kind":"river"}},{"type":"Feature","geometry":{"type":"Point","coordinates":[-16.58781,14.49707]},"properties":{"name":"Marigot de Faoye","kind":"river"}},{"type":"Feature","geometry":{"type":"Point","coordinates":[-16.57856,14.23675]},"properties":{"name":"","kind":"river"}},{"type":"Feature","geometry":{"type":"Point","coordinates":[-16.57451,14.24318]},"properties":{"name":"","kind":"river"}},{"type":"Feature","geometry":{"type":"Point","coordinates":[-16.40652,14.17825]},"properties":{"name":"","kind":"river"}},{"type":"Feature","geometry":{"type":"Point","coordinates":[-16.42551,14.15836]},"properties":{"name":"","kind":"river"}},{"type":"Feature","geometry":{"type":"Point","coordinates":[-16.37189,14.17193]},"properties":{"name":"","kind":"river"}},{"type":"Feature","geometry":{"type":"Point","coordinates":[-16.59212,14.0377]},"properties":{"name":"Saloum","kind":"river"}},{"type":"Feature","geometry":{"type":"Point","coordinates":[-16.35891,14.18525]},"properties":{"name":"","kind":"river"}},{"type":"Feature","geometry":{"type":"Point","coordinates":[-16.29879,14.15039]},"properties":{"name":"","kind":"river"}},{"type":"Feature","geometry":{"type":"Point","coordinates":[-16.32508,14.17194]},"properties":{"name":"","kind":"river"}},{"type":"Feature","geometry":{"type":"Point","coordinates":[-16.38077,14.15691]},"properties":{"name":"","kind":"river"}},{"type":"Feature","geometry":{"type":"Point","coordinates":[-16.25318,14.18423]},"properties":{"name":"","kind":"river"}},{"type":"Feature","geometry":{"type":"Point","coordinates":[-16.24629,14.18747]},"properties":{"name":"","kind":"river"}},{"type":"Feature","geometry":{"type":"Point","coordinates":[-16.32303,14.15418]},"properties":{"name":"Saloum","kind":"river"}},{"type":"Feature","geometry":{"type":"Point","coordinates":[-16.42639,14.05065]},"properties":{"name":"Diombos","kind":"river"}},{"type":"Feature","geometry":{"type":"Point","coordinates":[-16.36326,14.08973]},"properties":{"name":"","kind":"river"}},{"type":"Feature","geometry":{"type":"Point","coordinates":[-16.35749,14.08554]},"properties":{"name":"","kind":"river"}},{"type":"Feature","geometry":{"type":"Point","coordinates":[-16.50232,13.57808]},"properties":{"name":"Bôlon Mansarinko","kind":"river"}},{"type":"Feature","geometry":{"type":"Point","coordinates":[-16.49307,13.5664]},"properties":{"name":"","kind":"river"}},{"type":"Feature","geometry":{"type":"Point","coordinates":[-16.48556,13.56899]},"properties":{"name":"","kind":"river"}},{"type":"Feature","geometry":{"type":"Point","coordinates":[-16.56329,13.64663]},"properties":{"name":"Bôlon Bâ","kind":"river"}},{"type":"Feature","geometry":{"type":"Point","coordinates":[-16.53823,13.70069]},"properties":{"name":"Bandiala","kind":"river"}},{"type":"Feature","geometry":{"type":"Point","coordinates":[-16.58427,13.725]},"properties":{"name":"","kind":"river"}},{"type":"Feature","geometry":{"type":"Point","coordinates":[-16.5934,13.73673]},"properties":{"name":"Bôlon Soukoto","kind":"river"}},{"type":"Feature","geometry":{"type":"Point","coordinates":[-16.68531,13.78667]},"properties":{"name":"","kind":"river"}},{"type":"Feature","geometry":{"type":"Point","coordinates":[-16.66536,13.82407]},"properties":{"name":"","kind":"river"}},{"type":"Feature","geometry":{"type":"Point","coordinates":[-16.67046,13.8446]},"properties":{"name":"","kind":"river"}},{"type":"Feature","geometry":{"type":"Point","coordinates":[-16.66471,13.8213]},"properties":{"name":"","kind":"river"}},{"type":"Feature","geometry":{"type":"Point","coordinates":[-16.61937,13.91515]},"properties":{"name":"Bôlon de Diogane","kind":"river"}},{"type":"Feature","geometry":{"type":"Point","coordinates":[-16.68731,13.87693]},"properties":{"name":"Bolon Guior","kind":"river"}},{"type":"Feature","geometry":{"type":"Point","coordinates":[-16.70136,13.93376]},"properties":{"name":"Bolon Gokehor","kind":"river"}},{"type":"Feature","geometry":{"type":"Point","coordinates":[-16.64891,13.90354]},"properties":{"name":"","kind":"river"}},{"type":"Feature","geometry":{"type":"Point","coordinates":[-16.63641,13.92178]},"properties":{"name":"","kind":"river"}},{"type":"Feature","geometry":{"type":"Point","coordinates":[-16.63396,13.94615]},"properties":{"name":"","kind":"river"}},{"type":"Feature","geometry":{"type":"Point","coordinates":[-16.61589,13.95937]},"properties":{"name":"","kind":"river"}},{"type":"Feature","geometry":{"type":"Point","coordinates":[-16.62781,14.00602]},"properties":{"name":"","kind":"river"}},{"type":"Feature","geometry":{"type":"Point","coordinates":[-16.64377,13.99892]},"properties":{"name":"","kind":"river"}},{"type":"Feature","geometry":{"type":"Point","coordinates":[-16.63995,14.01915]},"properties":{"name":"","kind":"river"}},{"type":"Feature","geometry":{"type":"Point","coordinates":[-16.59306,14.12348]},"properties":{"name":"","kind":"river"}},{"type":"Feature","geometry":{"type":"Point","coordinates":[-16.61593,14.02428]},"properties":{"name":"","kind":"river"}},{"type":"Feature","geometry":{"type":"Point","coordinates":[-16.5715,14.09376]},"properties":{"name":"","kind":"river"}},{"type":"Feature","geometry":{"type":"Point","coordinates":[-16.54763,14.11624]},"properties":{"name":"","kind":"river"}},{"type":"Feature","geometry":{"type":"Point","coordinates":[-16.57018,14.17351]},"properties":{"name":"","kind":"river"}},{"type":"Feature","geometry":{"type":"Point","coordinates":[-16.33956,14.43902]},"properties":{"name":"Siné","kind":"river"}},{"type":"Feature","geometry":{"type":"Point","coordinates":[-16.34343,14.43543]},"properties":{"name":"Siné","kind":"river"}},{"type":"Feature","geometry":{"type":"Point","coordinates":[-16.61138,13.82475]},"properties":{"name":"Diombos","kind":"river"}},{"type":"Feature","geometry":{"type":"Point","coordinates":[-16.50723,13.71331]},"properties":{"name":"Bandiab","kind":"river"}},{"type":"Feature","geometry":{"type":"Point","coordinates":[-16.41071,13.97783]},"properties":{"name":"","kind":"river"}},{"type":"Feature","geometry":{"type":"Point","coordinates":[-16.43575,13.93961]},"properties":{"name":"","kind":"river"}},{"type":"Feature","geometry":{"type":"Point","coordinates":[-16.45105,13.91848]},"properties":{"name":"","kind":"river"}},{"type":"Feature","geometry":{"type":"Point","coordinates":[-16.43499,13.91255]},"properties":{"name":"","kind":"river"}},{"type":"Feature","geometry":{"type":"Point","coordinates":[-16.42365,13.89018]},"properties":{"name":"Toubacouta","kind":"river"}},{"type":"Feature","geometry":{"type":"Point","coordinates":[-16.4101,13.87057]},"properties":{"name":"","kind":"river"}},{"type":"Feature","geometry":{"type":"Point","coordinates":[-16.58413,13.65636]},"properties":{"name":"","kind":"river"}},{"type":"Feature","geometry":{"type":"Point","coordinates":[-16.58996,13.65938]},"properties":{"name":"","kind":"river"}},{"type":"Feature","geometry":{"type":"Point","coordinates":[-16.51791,13.68732]},"properties":{"name":"","kind":"river"}},{"type":"Feature","geometry":{"type":"Point","coordinates":[-16.12049,13.51516]},"properties":{"name":"Koular Bôlon","kind":"river"}},{"type":"Feature","geometry":{"type":"Point","coordinates":[-16.13942,13.65449]},"properties":{"name":"Koular Bôlon","kind":"river"}},{"type":"Feature","geometry":{"type":"Point","coordinates":[-16.65297,14.14104]},"properties":{"name":"Marigot de Djilor","kind":"river"}},{"type":"Feature","geometry":{"type":"Point","coordinates":[-16.67671,14.01458]},"properties":{"name":"","kind":"river"}},{"type":"Feature","geometry":{"type":"Point","coordinates":[-16.6241,14.13488]},"properties":{"name":"","kind":"river"}},{"type":"Feature","geometry":{"type":"Point","coordinates":[-16.58186,14.14253]},"properties":{"name":"","kind":"river"}},{"type":"Feature","geometry":{"type":"Point","coordinates":[-16.59871,14.14929]},"properties":{"name":"","kind":"river"}},{"type":"Feature","geometry":{"type":"Point","coordinates":[-16.57421,14.16567]},"properties":{"name":"","kind":"river"}},{"type":"Feature","geometry":{"type":"Point","coordinates":[-16.58051,14.16651]},"properties":{"name":"","kind":"river"}},{"type":"Feature","geometry":{"type":"Point","coordinates":[-16.60535,14.08786]},"properties":{"name":"","kind":"river"}},{"type":"Feature","geometry":{"type":"Point","coordinates":[-16.58486,14.0968]},"properties":{"name":"","kind":"river"}},{"type":"Feature","geometry":{"type":"Point","coordinates":[-16.60928,14.07374]},"properties":{"name":"","kind":"river"}},{"type":"Feature","geometry":{"type":"Point","coordinates":[-16.61718,14.07341]},"properties":{"name":"","kind":"river"}},{"type":"Feature","geometry":{"type":"Point","coordinates":[-16.52983,14.03927]},"properties":{"name":"","kind":"river"}},{"type":"Feature","geometry":{"type":"Point","coordinates":[-16.53126,14.05133]},"properties":{"name":"","kind":"river"}},{"type":"Feature","geometry":{"type":"Point","coordinates":[-16.54955,13.87671]},"properties":{"name":"","kind":"river"}},{"type":"Feature","geometry":{"type":"Point","coordinates":[-16.51875,13.92008]},"properties":{"name":"","kind":"river"}},{"type":"Feature","geometry":{"type":"Point","coordinates":[-16.55728,13.89797]},"properties":{"name":"","kind":"river"}},{"type":"Feature","geometry":{"type":"Point","coordinates":[-16.57337,14.01504]},"properties":{"name":"","kind":"river"}},{"type":"Feature","geometry":{"type":"Point","coordinates":[-16.56899,13.93701]},"properties":{"name":"","kind":"river"}},{"type":"Feature","geometry":{"type":"Point","coordinates":[-16.53938,13.9476]},"properties":{"name":"","kind":"river"}},{"type":"Feature","geometry":{"type":"Point","coordinates":[-16.51551,13.91562]},"properties":{"name":"","kind":"river"}},{"type":"Feature","geometry":{"type":"Point","coordinates":[-16.56962,13.95058]},"properties":{"name":"","kind":"river"}},{"type":"Feature","geometry":{"type":"Point","coordinates":[-16.4703,13.90572]},"properties":{"name":"","kind":"river"}},{"type":"Feature","geometry":{"type":"Point","coordinates":[-16.37646,13.82472]},"properties":{"name":"Bandiab","kind":"river"}},{"type":"Feature","geometry":{"type":"Point","coordinates":[-16.41876,13.85411]},"properties":{"name":"","kind":"river"}},{"type":"Feature","geometry":{"type":"Point","coordinates":[-16.50457,13.85668]},"properties":{"name":"","kind":"river"}},{"type":"Feature","geometry":{"type":"Point","coordinates":[-16.4705,13.84004]},"properties":{"name":"","kind":"river"}},{"type":"Feature","geometry":{"type":"Point","coordinates":[-16.438,13.84565]},"properties":{"name":"","kind":"river"}},{"type":"Feature","geometry":{"type":"Point","coordinates":[-16.48192,13.81479]},"properties":{"name":"","kind":"river"}},{"type":"Feature","geometry":{"type":"Point","coordinates":[-16.26438,14.15639]},"properties":{"name":"","kind":"river"}},{"type":"Feature","geometry":{"type":"Point","coordinates":[-16.27285,14.14618]},"properties":{"name":"","kind":"river"}},{"type":"Feature","geometry":{"type":"Point","coordinates":[-16.29425,14.16626]},"properties":{"name":"","kind":"river"}},{"type":"Feature","geometry":{"type":"Point","coordinates":[-16.28921,14.1636]},"properties":{"name":"","kind":"river"}},{"type":"Feature","geometry":{"type":"Point","coordinates":[-16.27293,14.16262]},"properties":{"name":"","kind":"river"}},{"type":"Feature","geometry":{"type":"Point","coordinates":[-16.25194,14.15625]},"properties":{"name":"","kind":"river"}},{"type":"Feature","geometry":{"type":"Point","coordinates":[-16.23405,14.16703]},"properties":{"name":"","kind":"river"}},{"type":"Feature","geometry":{"type":"Point","coordinates":[-16.23109,14.19888]},"properties":{"name":"","kind":"river"}},{"type":"Feature","geometry":{"type":"Point","coordinates":[-16.20374,14.16202]},"properties":{"name":"","kind":"river"}},{"type":"Feature","geometry":{"type":"Point","coordinates":[-16.19786,14.09978]},"properties":{"name":"","kind":"river"}},{"type":"Feature","geometry":{"type":"Point","coordinates":[-16.16085,14.11484]},"properties":{"name":"","kind":"river"}},{"type":"Feature","geometry":{"type":"Point","coordinates":[-16.17938,14.16337]},"properties":{"name":"","kind":"river"}},{"type":"Feature","geometry":{"type":"Point","coordinates":[-16.27456,14.17248]},"properties":{"name":"","kind":"river"}},{"type":"Feature","geometry":{"type":"Point","coordinates":[-16.54712,14.07451]},"properties":{"name":"","kind":"river"}},{"type":"Feature","geometry":{"type":"Point","coordinates":[-16.57185,14.11529]},"properties":{"name":"","kind":"river"}},{"type":"Feature","geometry":{"type":"Point","coordinates":[-16.57413,14.13291]},"properties":{"name":"","kind":"river"}},{"type":"Feature","geometry":{"type":"Point","coordinates":[-16.57482,14.13629]},"properties":{"name":"","kind":"river"}},{"type":"Feature","geometry":{"type":"Point","coordinates":[-16.51732,14.10381]},"properties":{"name":"","kind":"river"}},{"type":"Feature","geometry":{"type":"Point","coordinates":[-16.51778,14.14252]},"properties":{"name":"","kind":"river"}},{"type":"Feature","geometry":{"type":"Point","coordinates":[-16.47187,14.22441]},"properties":{"name":"Nganassaw","kind":"river"}},{"type":"Feature","geometry":{"type":"Point","coordinates":[-16.33007,14.13839]},"properties":{"name":"","kind":"river"}},{"type":"Feature","geometry":{"type":"Point","coordinates":[-16.36616,14.15197]},"properties":{"name":"","kind":"river"}},{"type":"Feature","geometry":{"type":"Point","coordinates":[-16.4357,14.16307]},"properties":{"name":"","kind":"river"}},{"type":"Feature","geometry":{"type":"Point","coordinates":[-16.50544,14.0802]},"properties":{"name":"","kind":"river"}},{"type":"Feature","geometry":{"type":"Point","coordinates":[-16.64371,13.80697]},"properties":{"name":"","kind":"river"}},{"type":"Feature","geometry":{"type":"Point","coordinates":[-16.6342,13.8101]},"properties":{"name":"","kind":"river"}},{"type":"Feature","geometry":{"type":"Point","coordinates":[-16.6688,13.80321]},"properties":{"name":"","kind":"river"}},{"type":"Feature","geometry":{"type":"Point","coordinates":[-16.61646,13.87942]},"properties":{"name":"","kind":"river"}},{"type":"Feature","geometry":{"type":"Point","coordinates":[-16.51695,14.13997]},"properties":{"name":"","kind":"river"}},{"type":"Feature","geometry":{"type":"Point","coordinates":[-16.42434,14.25218]},"properties":{"name":"","kind":"river"}},{"type":"Feature","geometry":{"type":"Point","coordinates":[-16.38422,14.28439]},"properties":{"name":"","kind":"river"}},{"type":"Feature","geometry":{"type":"Point","coordinates":[-16.40744,14.26672]},"properties":{"name":"","kind":"river"}},{"type":"Feature","geometry":{"type":"Point","coordinates":[-16.39805,14.28241]},"properties":{"name":"","kind":"river"}},{"type":"Feature","geometry":{"type":"Point","coordinates":[-16.39192,14.21907]},"properties":{"name":"","kind":"river"}},{"type":"Feature","geometry":{"type":"Point","coordinates":[-16.3626,14.22057]},"properties":{"name":"","kind":"river"}},{"type":"Feature","geometry":{"type":"Point","coordinates":[-16.39326,14.20602]},"properties":{"name":"","kind":"river"}},{"type":"Feature","geometry":{"type":"Point","coordinates":[-16.46162,14.26551]},"properties":{"name":"","kind":"river"}},{"type":"Feature","geometry":{"type":"Point","coordinates":[-16.51941,14.18065]},"properties":{"name":"","kind":"river"}},{"type":"Feature","geometry":{"type":"Point","coordinates":[-16.71684,13.96575]},"properties":{"name":"","kind":"river"}},{"type":"Feature","geometry":{"type":"Point","coordinates":[-16.70839,13.97387]},"properties":{"name":"","kind":"river"}},{"type":"Feature","geometry":{"type":"Point","coordinates":[-16.70709,13.96734]},"properties":{"name":"","kind":"river"}},{"type":"Feature","geometry":{"type":"Point","coordinates":[-16.73979,13.94048]},"properties":{"name":"","kind":"river"}},{"type":"Feature","geometry":{"type":"Point","coordinates":[-16.73373,13.93772]},"properties":{"name":"","kind":"river"}},{"type":"Feature","geometry":{"type":"Point","coordinates":[-16.69076,13.92966]},"properties":{"name":"","kind":"river"}},{"type":"Feature","geometry":{"type":"Point","coordinates":[-16.71696,13.93594]},"properties":{"name":"Bôlon Soka","kind":"river"}},{"type":"Feature","geometry":{"type":"Point","coordinates":[-16.73397,13.87316]},"properties":{"name":"","kind":"river"}},{"type":"Feature","geometry":{"type":"Point","coordinates":[-16.71849,13.86739]},"properties":{"name":"","kind":"river"}},{"type":"Feature","geometry":{"type":"Point","coordinates":[-16.7191,13.86008]},"properties":{"name":"","kind":"river"}},{"type":"Feature","geometry":{"type":"Point","coordinates":[-16.71226,13.87806]},"properties":{"name":"","kind":"river"}},{"type":"Feature","geometry":{"type":"Point","coordinates":[-16.47473,14.16953]},"properties":{"name":"","kind":"river"}},{"type":"Feature","geometry":{"type":"Point","coordinates":[-16.457,14.20557]},"properties":{"name":"","kind":"river"}},{"type":"Feature","geometry":{"type":"Point","coordinates":[-16.42244,14.21143]},"properties":{"name":"","kind":"river"}},{"type":"Feature","geometry":{"type":"Point","coordinates":[-16.42635,14.21581]},"properties":{"name":"","kind":"river"}},{"type":"Feature","geometry":{"type":"Point","coordinates":[-16.41018,14.21148]},"properties":{"name":"","kind":"river"}},{"type":"Feature","geometry":{"type":"Point","coordinates":[-16.3717,14.28183]},"properties":{"name":"Sine","kind":"river"}},{"type":"Feature","geometry":{"type":"Point","coordinates":[-16.57607,14.15369]},"properties":{"name":"Marigot de Faoye","kind":"river"}},{"type":"Feature","geometry":{"type":"Point","coordinates":[-16.57404,14.37188]},"properties":{"name":"Marigot de Faoye","kind":"river"}},{"type":"Feature","geometry":{"type":"Point","coordinates":[-16.56081,14.45923]},"properties":{"name":"Marigot de Faoye","kind":"river"}},{"type":"Feature","geometry":{"type":"Point","coordinates":[-16.75728,13.98226]},"properties":{"name":"","kind":"river"}},{"type":"Feature","geometry":{"type":"Point","coordinates":[-16.7454,14.00315]},"properties":{"name":"","kind":"river"}},{"type":"Feature","geometry":{"type":"Point","coordinates":[-16.71336,14.06074]},"properties":{"name":"","kind":"river"}},{"type":"Feature","geometry":{"type":"Point","coordinates":[-16.62278,14.19349]},"properties":{"name":"","kind":"river"}},{"type":"Feature","geometry":{"type":"Point","coordinates":[-16.58091,14.08686]},"properties":{"name":"","kind":"river"}},{"type":"Feature","geometry":{"type":"Point","coordinates":[-16.4957,14.14305]},"properties":{"name":"","kind":"river"}},{"type":"Feature","geometry":{"type":"Point","coordinates":[-16.4936,14.13906]},"properties":{"name":"","kind":"river"}},{"type":"Feature","geometry":{"type":"Point","coordinates":[-16.49408,14.14324]},"properties":{"name":"","kind":"river"}},{"type":"Feature","geometry":{"type":"Point","coordinates":[-16.52375,14.1222]},"properties":{"name":"","kind":"river"}},{"type":"Feature","geometry":{"type":"Point","coordinates":[-16.61183,14.0623]},"properties":{"name":"","kind":"river"}},{"type":"Feature","geometry":{"type":"Point","coordinates":[-16.52161,14.26137]},"properties":{"name":"","kind":"river"}},{"type":"Feature","geometry":{"type":"Point","coordinates":[-16.67595,13.86798]},"properties":{"name":"","kind":"river"}},{"type":"Feature","geometry":{"type":"Point","coordinates":[-16.69916,13.85534]},"properties":{"name":"","kind":"river"}},{"type":"Feature","geometry":{"type":"Point","coordinates":[-16.69058,13.81186]},"properties":{"name":"","kind":"river"}},{"type":"Feature","geometry":{"type":"Point","coordinates":[-16.638,13.83723]},"properties":{"name":"","kind":"river"}},{"type":"Feature","geometry":{"type":"Point","coordinates":[-16.63688,13.89169]},"properties":{"name":"","kind":"river"}},{"type":"Feature","geometry":{"type":"Point","coordinates":[-16.6117,13.90044]},"properties":{"name":"","kind":"river"}},{"type":"Feature","geometry":{"type":"Point","coordinates":[-16.63394,13.95934]},"properties":{"name":"","kind":"river"}},{"type":"Feature","geometry":{"type":"Point","coordinates":[-16.60121,13.9769]},"properties":{"name":"","kind":"river"}},{"type":"Feature","geometry":{"type":"Point","coordinates":[-16.61478,13.92673]},"properties":{"name":"","kind":"river"}},{"type":"Feature","geometry":{"type":"Point","coordinates":[-16.6228,13.89516]},"properties":{"name":"","kind":"river"}},{"type":"Feature","geometry":{"type":"Point","coordinates":[-16.63204,13.80316]},"properties":{"name":"","kind":"river"}},{"type":"Feature","geometry":{"type":"Point","coordinates":[-16.6296,13.8004]},"properties":{"name":"","kind":"river"}},{"type":"Feature","geometry":{"type":"Point","coordinates":[-16.57163,13.86054]},"properties":{"name":"","kind":"river"}},{"type":"Feature","geometry":{"type":"Point","coordinates":[-16.59062,13.84543]},"properties":{"name":"","kind":"river"}},{"type":"Feature","geometry":{"type":"Point","coordinates":[-16.62261,13.83943]},"properties":{"name":"","kind":"river"}},{"type":"Feature","geometry":{"type":"Point","coordinates":[-16.48773,13.92744]},"properties":{"name":"","kind":"river"}},{"type":"Feature","geometry":{"type":"Point","coordinates":[-16.51411,13.99866]},"properties":{"name":"","kind":"river"}},{"type":"Feature","geometry":{"type":"Point","coordinates":[-16.4935,13.95334]},"properties":{"name":"","kind":"river"}},{"type":"Feature","geometry":{"type":"Point","coordinates":[-16.47443,13.96333]},"properties":{"name":"","kind":"river"}},{"type":"Feature","geometry":{"type":"Point","coordinates":[-16.49676,13.89313]},"properties":{"name":"","kind":"river"}},{"type":"Feature","geometry":{"type":"Point","coordinates":[-16.44025,13.95124]},"properties":{"name":"","kind":"river"}},{"type":"Feature","geometry":{"type":"Point","coordinates":[-16.4559,13.94353]},"properties":{"name":"","kind":"river"}},{"type":"Feature","geometry":{"type":"Point","coordinates":[-16.49166,13.88702]},"properties":{"name":"","kind":"river"}},{"type":"Feature","geometry":{"type":"Point","coordinates":[-16.41399,13.99249]},"properties":{"name":"","kind":"river"}},{"type":"Feature","geometry":{"type":"Point","coordinates":[-16.49276,13.75567]},"properties":{"name":"","kind":"river"}},{"type":"Feature","geometry":{"type":"Point","coordinates":[-16.48698,13.75661]},"properties":{"name":"","kind":"river"}},{"type":"Feature","geometry":{"type":"Point","coordinates":[-16.48625,13.76575]},"properties":{"name":"","kind":"river"}},{"type":"Feature","geometry":{"type":"Point","coordinates":[-16.49197,13.83027]},"properties":{"name":"","kind":"river"}},{"type":"Feature","geometry":{"type":"Point","coordinates":[-16.49068,13.83162]},"properties":{"name":"","kind":"river"}},{"type":"Feature","geometry":{"type":"Point","coordinates":[-16.52239,13.66678]},"properties":{"name":"","kind":"river"}},{"type":"Feature","geometry":{"type":"Point","coordinates":[-16.45791,13.87705]},"properties":{"name":"","kind":"river"}},{"type":"Feature","geometry":{"type":"Point","coordinates":[-16.45876,13.86708]},"properties":{"name":"","kind":"river"}},{"type":"Feature","geometry":{"type":"Point","coordinates":[-16.40846,13.8884]},"properties":{"name":"","kind":"river"}},{"type":"Feature","geometry":{"type":"Point","coordinates":[-16.43859,13.80892]},"properties":{"name":"Bandiab","kind":"river"}},{"type":"Feature","geometry":{"type":"Point","coordinates":[-16.45902,13.85229]},"properties":{"name":"","kind":"river"}},{"type":"Feature","geometry":{"type":"Point","coordinates":[-16.37511,13.86606]},"properties":{"name":"","kind":"river"}},{"type":"Feature","geometry":{"type":"Point","coordinates":[-16.35881,13.86586]},"properties":{"name":"","kind":"river"}},{"type":"Feature","geometry":{"type":"Point","coordinates":[-16.37714,13.8747]},"properties":{"name":"","kind":"river"}},{"type":"Feature","geometry":{"type":"Point","coordinates":[-16.37046,13.86542]},"properties":{"name":"","kind":"river"}},{"type":"Feature","geometry":{"type":"Point","coordinates":[-16.17378,13.71998]},"properties":{"name":"","kind":"river"}},{"type":"Feature","geometry":{"type":"Point","coordinates":[-16.19884,13.68144]},"properties":{"name":"Koular Bôlon","kind":"river"}},{"type":"Feature","geometry":{"type":"Point","coordinates":[-16.06254,13.60179]},"properties":{"name":"","kind":"river"}},{"type":"Feature","geometry":{"type":"Point","coordinates":[-15.66043,13.72493]},"properties":{"name":"Grand Bao Bôlon","kind":"river"}},{"type":"Feature","geometry":{"type":"Point","coordinates":[-15.68681,13.63444]},"properties":{"name":"","kind":"river"}},{"type":"Feature","geometry":{"type":"Point","coordinates":[-15.79053,13.47247]},"properties":{"name":"Grand Bao Bôlon","kind":"river"}},{"type":"Feature","geometry":{"type":"Point","coordinates":[-15.76788,13.47669]},"properties":{"name":"Bao Bolon","kind":"river"}},{"type":"Feature","geometry":{"type":"Point","coordinates":[-15.77471,13.53383]},"properties":{"name":"Grand Bao Bôlon","kind":"river"}},{"type":"Feature","geometry":{"type":"Point","coordinates":[-15.57098,13.84913]},"properties":{"name":"Grand Bao Bôlon","kind":"river"}},{"type":"Feature","geometry":{"type":"Point","coordinates":[-15.60319,13.80279]},"properties":{"name":"Grand Bao Bôlon","kind":"river"}},{"type":"Feature","geometry":{"type":"Point","coordinates":[-15.13015,13.7141]},"properties":{"name":"Nianija Bolon","kind":"river"}},{"type":"Feature","geometry":{"type":"Point","coordinates":[-15.22587,13.65381]},"properties":{"name":"","kind":"river"}},{"type":"Feature","geometry":{"type":"Point","coordinates":[-15.08773,13.69587]},"properties":{"name":"","kind":"river"}},{"type":"Feature","geometry":{"type":"Point","coordinates":[-15.05637,13.71778]},"properties":{"name":"","kind":"river"}},{"type":"Feature","geometry":{"type":"Point","coordinates":[-15.04045,13.7124]},"properties":{"name":"","kind":"river"}},{"type":"Feature","geometry":{"type":"Point","coordinates":[-14.98488,13.69352]},"properties":{"name":"","kind":"river"}},{"type":"Feature","geometry":{"type":"Point","coordinates":[-15.3874,13.96451]},"properties":{"name":"Grand Bao Bôlon","kind":"river"}},{"type":"Feature","geometry":{"type":"Point","coordinates":[-14.76854,14.00139]},"properties":{"name":"Nianija Bolon","kind":"river"}},{"type":"Feature","geometry":{"type":"Point","coordinates":[-14.87986,13.90695]},"properties":{"name":"Nianija Bolon","kind":"river"}},{"type":"Feature","geometry":{"type":"Point","coordinates":[-14.81387,13.9828]},"properties":{"name":"Nianija Bolon","kind":"river"}},{"type":"Feature","geometry":{"type":"Point","coordinates":[-15.30987,14.27654]},"properties":{"name":"Saloum","kind":"river"}},{"type":"Feature","geometry":{"type":"Point","coordinates":[-15.02363,14.25013]},"properties":{"name":"Saloum","kind":"river"}},{"type":"Feature","geometry":{"type":"Point","coordinates":[-14.9442,14.297]},"properties":{"name":"Saloum","kind":"river"}},{"type":"Feature","geometry":{"type":"Point","coordinates":[-14.78138,14.37694]},"properties":{"name":"Saloum","kind":"river"}},{"type":"Feature","geometry":{"type":"Point","coordinates":[-15.74365,14.11829]},"properties":{"name":"Saloum","kind":"river"}},{"type":"Feature","geometry":{"type":"Point","coordinates":[-15.73804,14.1192]},"properties":{"name":"Saloum","kind":"river"}},{"type":"Feature","geometry":{"type":"Point","coordinates":[-15.72382,14.12213]},"properties":{"name":"Saloum","kind":"river"}},{"type":"Feature","geometry":{"type":"Point","coordinates":[-15.73094,14.1206]},"properties":{"name":"Saloum","kind":"river"}},{"type":"Feature","geometry":{"type":"Point","coordinates":[-15.62128,14.14429]},"properties":{"name":"Saloum","kind":"river"}},{"type":"Feature","geometry":{"type":"Point","coordinates":[-14.75411,13.66203]},"properties":{"name":"Pallan Bolon","kind":"river"}},{"type":"Feature","geometry":{"type":"Point","coordinates":[-14.23663,13.62539]},"properties":{"name":"Sandougou","kind":"river"}},{"type":"Feature","geometry":{"type":"Point","coordinates":[-14.52807,13.02667]},"properties":{"name":"","kind":"river"}},{"type":"Feature","geometry":{"type":"Point","coordinates":[-14.53411,12.87087]},"properties":{"name":"","kind":"river"}},{"type":"Feature","geometry":{"type":"Point","coordinates":[-15.95145,12.97935]},"properties":{"name":"","kind":"river"}},{"type":"Feature","geometry":{"type":"Point","coordinates":[-15.17377,13.55112]},"properties":{"name":"","kind":"river"}},{"type":"Feature","geometry":{"type":"Point","coordinates":[-14.46863,12.44045]},"properties":{"name":"Rio Geba","kind":"river"}},{"type":"Feature","geometry":{"type":"Point","coordinates":[-14.89147,12.00531]},"properties":{"name":"Rio Undaúma","kind":"river"}},{"type":"Feature","geometry":{"type":"Point","coordinates":[-16.16568,12.64853]},"properties":{"name":"Marigot de Diobour","kind":"river"}},{"type":"Feature","geometry":{"type":"Point","coordinates":[-16.18562,12.63071]},"properties":{"name":"Coubalan","kind":"river"}},{"type":"Feature","geometry":{"type":"Point","coordinates":[-16.72276,12.48336]},"properties":{"name":"Djembéring Bôlon","kind":"river"}},{"type":"Feature","geometry":{"type":"Point","coordinates":[-16.71147,12.53235]},"properties":{"name":"Kachiouane Bôlon","kind":"river"}},{"type":"Feature","geometry":{"type":"Point","coordinates":[-16.68265,12.53147]},"properties":{"name":"Ourong Bôlon","kind":"river"}},{"type":"Feature","geometry":{"type":"Point","coordinates":[-16.68987,12.44709]},"properties":{"name":"Ourong Bôlon","kind":"river"}},{"type":"Feature","geometry":{"type":"Point","coordinates":[-16.21227,12.63306]},"properties":{"name":"","kind":"river"}},{"type":"Feature","geometry":{"type":"Point","coordinates":[-16.22951,12.64413]},"properties":{"name":"","kind":"river"}},{"type":"Feature","geometry":{"type":"Point","coordinates":[-16.22037,12.61427]},"properties":{"name":"","kind":"river"}},{"type":"Feature","geometry":{"type":"Point","coordinates":[-16.23347,12.61388]},"properties":{"name":"","kind":"river"}},{"type":"Feature","geometry":{"type":"Point","coordinates":[-16.31287,12.69031]},"properties":{"name":"","kind":"river"}},{"type":"Feature","geometry":{"type":"Point","coordinates":[-16.35399,12.72071]},"properties":{"name":"Marigot de Bignona","kind":"river"}},{"type":"Feature","geometry":{"type":"Point","coordinates":[-16.34032,12.66674]},"properties":{"name":"Marigot de Bignona","kind":"river"}},{"type":"Feature","geometry":{"type":"Point","coordinates":[-16.34216,12.66729]},"properties":{"name":"","kind":"river"}},{"type":"Feature","geometry":{"type":"Point","coordinates":[-16.33817,12.66966]},"properties":{"name":"Marigot de Bignona","kind":"river"}},{"type":"Feature","geometry":{"type":"Point","coordinates":[-16.34616,12.67135]},"properties":{"name":"Marigot de Bignona","kind":"river"}},{"type":"Feature","geometry":{"type":"Point","coordinates":[-16.33608,12.6656]},"properties":{"name":"Marigot de Bignona","kind":"river"}},{"type":"Feature","geometry":{"type":"Point","coordinates":[-16.34096,12.62934]},"properties":{"name":"Marigot de Bignona","kind":"river"}},{"type":"Feature","geometry":{"type":"Point","coordinates":[-16.34364,12.66789]},"properties":{"name":"Marigot de Bignona","kind":"river"}},{"type":"Feature","geometry":{"type":"Point","coordinates":[-16.34699,12.67005]},"properties":{"name":"Marigot de Bignona","kind":"river"}},{"type":"Feature","geometry":{"type":"Point","coordinates":[-16.47251,12.73003]},"properties":{"name":"","kind":"river"}},{"type":"Feature","geometry":{"type":"Point","coordinates":[-16.48563,12.66789]},"properties":{"name":"Ariandaboul","kind":"river"}},{"type":"Feature","geometry":{"type":"Point","coordinates":[-16.55853,12.68593]},"properties":{"name":"Badiapour","kind":"river"}},{"type":"Feature","geometry":{"type":"Point","coordinates":[-16.27813,12.78681]},"properties":{"name":"Marigot de Bignona","kind":"river"}},{"type":"Feature","geometry":{"type":"Point","coordinates":[-16.03753,12.87288]},"properties":{"name":"","kind":"river"}},{"type":"Feature","geometry":{"type":"Point","coordinates":[-16.01139,12.72549]},"properties":{"name":"Soungrougrou","kind":"river"}},{"type":"Feature","geometry":{"type":"Point","coordinates":[-16.19111,12.60275]},"properties":{"name":"Casamance","kind":"river"}},{"type":"Feature","geometry":{"type":"Point","coordinates":[-15.61018,12.55737]},"properties":{"name":"Casamance","kind":"river"}},{"type":"Feature","geometry":{"type":"Point","coordinates":[-16.05881,12.68372]},"properties":{"name":"","kind":"river"}},{"type":"Feature","geometry":{"type":"Point","coordinates":[-15.97949,12.63242]},"properties":{"name":"Casamance","kind":"river"}},{"type":"Feature","geometry":{"type":"Point","coordinates":[-16.08221,12.38653]},"properties":{"name":"","kind":"river"}},{"type":"Feature","geometry":{"type":"Point","coordinates":[-16.1878,12.3551]},"properties":{"name":"","kind":"river"}},{"type":"Feature","geometry":{"type":"Point","coordinates":[-16.25149,12.32275]},"properties":{"name":"","kind":"river"}},{"type":"Feature","geometry":{"type":"Point","coordinates":[-16.30103,12.23195]},"properties":{"name":"","kind":"river"}},{"type":"Feature","geometry":{"type":"Point","coordinates":[-16.25592,12.25605]},"properties":{"name":"","kind":"river"}},{"type":"Feature","geometry":{"type":"Point","coordinates":[-16.26472,12.2156]},"properties":{"name":"Rio Cacheu","kind":"river"}},{"type":"Feature","geometry":{"type":"Point","coordinates":[-16.37489,12.84997]},"properties":{"name":"","kind":"river"}},{"type":"Feature","geometry":{"type":"Point","coordinates":[-16.35232,12.90224]},"properties":{"name":"","kind":"river"}},{"type":"Feature","geometry":{"type":"Point","coordinates":[-16.33556,12.93791]},"properties":{"name":"","kind":"river"}},{"type":"Feature","geometry":{"type":"Point","coordinates":[-16.41678,13.22813]},"properties":{"name":"Bulok Bolon","kind":"river"}},{"type":"Feature","geometry":{"type":"Point","coordinates":[-16.28673,12.77903]},"properties":{"name":"Marigot de Bignona","kind":"river"}},{"type":"Feature","geometry":{"type":"Point","coordinates":[-16.7413,13.05048]},"properties":{"name":"Allehein River","kind":"river"}},{"type":"Feature","geometry":{"type":"Point","coordinates":[-16.66731,13.18057]},"properties":{"name":"Allehein River","kind":"river"}},{"type":"Feature","geometry":{"type":"Point","coordinates":[-16.71346,13.11712]},"properties":{"name":"Allehein River","kind":"river"}},{"type":"Feature","geometry":{"type":"Point","coordinates":[-16.6781,13.16472]},"properties":{"name":"","kind":"river"}},{"type":"Feature","geometry":{"type":"Point","coordinates":[-16.67426,13.17808]},"properties":{"name":"","kind":"river"}},{"type":"Feature","geometry":{"type":"Point","coordinates":[-16.67427,13.18067]},"properties":{"name":"","kind":"river"}},{"type":"Feature","geometry":{"type":"Point","coordinates":[-16.67449,13.18035]},"properties":{"name":"","kind":"river"}},{"type":"Feature","geometry":{"type":"Point","coordinates":[-16.67461,13.18012]},"properties":{"name":"","kind":"river"}},{"type":"Feature","geometry":{"type":"Point","coordinates":[-16.67422,13.17984]},"properties":{"name":"","kind":"river"}},{"type":"Feature","geometry":{"type":"Point","coordinates":[-16.67522,13.17093]},"properties":{"name":"","kind":"river"}},{"type":"Feature","geometry":{"type":"Point","coordinates":[-16.58933,13.04052]},"properties":{"name":"","kind":"river"}},{"type":"Feature","geometry":{"type":"Point","coordinates":[-16.58298,12.9969]},"properties":{"name":"Karanko Bôlon","kind":"river"}},{"type":"Feature","geometry":{"type":"Point","coordinates":[-16.60597,12.99958]},"properties":{"name":"Doumbali","kind":"river"}},{"type":"Feature","geometry":{"type":"Point","coordinates":[-16.00228,12.84938]},"properties":{"name":"","kind":"river"}},{"type":"Feature","geometry":{"type":"Point","coordinates":[-15.97719,12.88891]},"properties":{"name":"","kind":"river"}},{"type":"Feature","geometry":{"type":"Point","coordinates":[-16.59258,12.63888]},"properties":{"name":"Casamance","kind":"river"}},{"type":"Feature","geometry":{"type":"Point","coordinates":[-16.71689,12.57051]},"properties":{"name":"Casamance","kind":"river"}},{"type":"Feature","geometry":{"type":"Point","coordinates":[-16.65784,12.34035]},"properties":{"name":"Essukujak","kind":"river"}},{"type":"Feature","geometry":{"type":"Point","coordinates":[-16.6763,12.34342]},"properties":{"name":"","kind":"river"}},{"type":"Feature","geometry":{"type":"Point","coordinates":[-16.76242,12.84618]},"properties":{"name":"Essoulou","kind":"river"}},{"type":"Feature","geometry":{"type":"Point","coordinates":[-16.7595,12.84872]},"properties":{"name":"","kind":"river"}},{"type":"Feature","geometry":{"type":"Point","coordinates":[-16.75711,12.8779]},"properties":{"name":"Kafoutine Boronda","kind":"river"}},{"type":"Feature","geometry":{"type":"Point","coordinates":[-16.7707,12.81026]},"properties":{"name":"Tikati","kind":"river"}},{"type":"Feature","geometry":{"type":"Point","coordinates":[-16.76703,12.7923]},"properties":{"name":"","kind":"river"}},{"type":"Feature","geometry":{"type":"Point","coordinates":[-16.77105,12.79212]},"properties":{"name":"Assouti","kind":"river"}},{"type":"Feature","geometry":{"type":"Point","coordinates":[-16.78237,12.767]},"properties":{"name":"Ébédou","kind":"river"}},{"type":"Feature","geometry":{"type":"Point","coordinates":[-16.66317,12.75388]},"properties":{"name":"Inifouk","kind":"river"}},{"type":"Feature","geometry":{"type":"Point","coordinates":[-16.74899,12.71832]},"properties":{"name":"","kind":"river"}},{"type":"Feature","geometry":{"type":"Point","coordinates":[-16.74097,12.75409]},"properties":{"name":"Kojikindel","kind":"river"}},{"type":"Feature","geometry":{"type":"Point","coordinates":[-16.74467,12.75726]},"properties":{"name":"","kind":"river"}},{"type":"Feature","geometry":{"type":"Point","coordinates":[-16.72943,12.76227]},"properties":{"name":"","kind":"river"}},{"type":"Feature","geometry":{"type":"Point","coordinates":[-16.7219,12.74286]},"properties":{"name":"Étiolane","kind":"river"}},{"type":"Feature","geometry":{"type":"Point","coordinates":[-16.69132,12.72583]},"properties":{"name":"Massinnfine","kind":"river"}},{"type":"Feature","geometry":{"type":"Point","coordinates":[-16.74087,12.71334]},"properties":{"name":"Kalissaye","kind":"river"}},{"type":"Feature","geometry":{"type":"Point","coordinates":[-16.76523,12.84704]},"properties":{"name":"","kind":"river"}},{"type":"Feature","geometry":{"type":"Point","coordinates":[-16.77577,12.73933]},"properties":{"name":"","kind":"river"}},{"type":"Feature","geometry":{"type":"Point","coordinates":[-16.74848,12.66683]},"properties":{"name":"Marigot aux Huîtres","kind":"river"}},{"type":"Feature","geometry":{"type":"Point","coordinates":[-16.74382,12.64737]},"properties":{"name":"Dahatouk","kind":"river"}},{"type":"Feature","geometry":{"type":"Point","coordinates":[-16.76008,12.64758]},"properties":{"name":"","kind":"river"}},{"type":"Feature","geometry":{"type":"Point","coordinates":[-16.75656,12.63699]},"properties":{"name":"","kind":"river"}},{"type":"Feature","geometry":{"type":"Point","coordinates":[-16.74899,12.658]},"properties":{"name":"","kind":"river"}},{"type":"Feature","geometry":{"type":"Point","coordinates":[-16.75469,12.71546]},"properties":{"name":"","kind":"river"}},{"type":"Feature","geometry":{"type":"Point","coordinates":[-16.74491,12.70596]},"properties":{"name":"","kind":"river"}},{"type":"Feature","geometry":{"type":"Point","coordinates":[-16.75618,12.59783]},"properties":{"name":"Boulalou","kind":"river"}},{"type":"Feature","geometry":{"type":"Point","coordinates":[-16.73493,12.59597]},"properties":{"name":"Boulababène","kind":"river"}},{"type":"Feature","geometry":{"type":"Point","coordinates":[-16.71844,12.58958]},"properties":{"name":"","kind":"river"}},{"type":"Feature","geometry":{"type":"Point","coordinates":[-16.72277,12.58841]},"properties":{"name":"","kind":"river"}},{"type":"Feature","geometry":{"type":"Point","coordinates":[-16.7056,12.61272]},"properties":{"name":"Assélinguène","kind":"river"}},{"type":"Feature","geometry":{"type":"Point","coordinates":[-16.69257,12.61128]},"properties":{"name":"","kind":"river"}},{"type":"Feature","geometry":{"type":"Point","coordinates":[-16.70925,12.63512]},"properties":{"name":"","kind":"river"}},{"type":"Feature","geometry":{"type":"Point","coordinates":[-16.69191,12.59659]},"properties":{"name":"Assélinguène","kind":"river"}},{"type":"Feature","geometry":{"type":"Point","coordinates":[-16.71127,12.64128]},"properties":{"name":"","kind":"river"}},{"type":"Feature","geometry":{"type":"Point","coordinates":[-16.70837,12.63102]},"properties":{"name":"","kind":"river"}},{"type":"Feature","geometry":{"type":"Point","coordinates":[-16.69621,12.61431]},"properties":{"name":"","kind":"river"}},{"type":"Feature","geometry":{"type":"Point","coordinates":[-16.70005,12.61199]},"properties":{"name":"","kind":"river"}},{"type":"Feature","geometry":{"type":"Point","coordinates":[-16.70531,12.61801]},"properties":{"name":"","kind":"river"}},{"type":"Feature","geometry":{"type":"Point","coordinates":[-16.71131,12.60112]},"properties":{"name":"","kind":"river"}},{"type":"Feature","geometry":{"type":"Point","coordinates":[-16.71858,12.6243]},"properties":{"name":"","kind":"river"}},{"type":"Feature","geometry":{"type":"Point","coordinates":[-16.72789,12.66163]},"properties":{"name":"","kind":"river"}},{"type":"Feature","geometry":{"type":"Point","coordinates":[-16.73189,12.67066]},"properties":{"name":"","kind":"river"}},{"type":"Feature","geometry":{"type":"Point","coordinates":[-16.71705,12.66284]},"properties":{"name":"","kind":"river"}},{"type":"Feature","geometry":{"type":"Point","coordinates":[-16.7212,12.66563]},"properties":{"name":"","kind":"river"}},{"type":"Feature","geometry":{"type":"Point","coordinates":[-16.51133,12.56842]},"properties":{"name":"Kamobeul Bôlon","kind":"river"}},{"type":"Feature","geometry":{"type":"Point","coordinates":[-16.44561,12.37009]},"properties":{"name":"","kind":"river"}},{"type":"Feature","geometry":{"type":"Point","coordinates":[-16.66988,12.59241]},"properties":{"name":"Casamance","kind":"river"}},{"type":"Feature","geometry":{"type":"Point","coordinates":[-16.74069,12.56311]},"properties":{"name":"Casamance","kind":"river"}},{"type":"Feature","geometry":{"type":"Point","coordinates":[-16.43738,12.58226]},"properties":{"name":"Casamance","kind":"river"}},{"type":"Feature","geometry":{"type":"Point","coordinates":[-16.67035,12.60207]},"properties":{"name":"","kind":"river"}},{"type":"Feature","geometry":{"type":"Point","coordinates":[-16.66179,12.62283]},"properties":{"name":"","kind":"river"}},{"type":"Feature","geometry":{"type":"Point","coordinates":[-16.67029,12.64442]},"properties":{"name":"Kounambène","kind":"river"}},{"type":"Feature","geometry":{"type":"Point","coordinates":[-16.68453,12.64285]},"properties":{"name":"","kind":"river"}},{"type":"Feature","geometry":{"type":"Point","coordinates":[-16.73845,12.61541]},"properties":{"name":"","kind":"river"}},{"type":"Feature","geometry":{"type":"Point","coordinates":[-16.64315,12.65289]},"properties":{"name":"Ouniomounèye","kind":"river"}},{"type":"Feature","geometry":{"type":"Point","coordinates":[-16.64356,12.61883]},"properties":{"name":"","kind":"river"}},{"type":"Feature","geometry":{"type":"Point","coordinates":[-16.59837,12.68295]},"properties":{"name":"","kind":"river"}},{"type":"Feature","geometry":{"type":"Point","coordinates":[-16.62643,12.68682]},"properties":{"name":"","kind":"river"}},{"type":"Feature","geometry":{"type":"Point","coordinates":[-16.67825,12.68809]},"properties":{"name":"","kind":"river"}},{"type":"Feature","geometry":{"type":"Point","coordinates":[-16.44999,12.60979]},"properties":{"name":"","kind":"river"}},{"type":"Feature","geometry":{"type":"Point","coordinates":[-16.51258,12.71351]},"properties":{"name":"","kind":"river"}},{"type":"Feature","geometry":{"type":"Point","coordinates":[-16.53489,12.73383]},"properties":{"name":"","kind":"river"}},{"type":"Feature","geometry":{"type":"Point","coordinates":[-16.5491,12.72762]},"properties":{"name":"Balaoune","kind":"river"}},{"type":"Feature","geometry":{"type":"Point","coordinates":[-16.57239,12.72246]},"properties":{"name":"","kind":"river"}},{"type":"Feature","geometry":{"type":"Point","coordinates":[-16.57333,12.75988]},"properties":{"name":"","kind":"river"}},{"type":"Feature","geometry":{"type":"Point","coordinates":[-16.59064,12.73484]},"properties":{"name":"","kind":"river"}},{"type":"Feature","geometry":{"type":"Point","coordinates":[-16.59099,12.73164]},"properties":{"name":"","kind":"river"}},{"type":"Feature","geometry":{"type":"Point","coordinates":[-16.61383,12.68461]},"properties":{"name":"","kind":"river"}},{"type":"Feature","geometry":{"type":"Point","coordinates":[-16.52404,12.66726]},"properties":{"name":"","kind":"river"}},{"type":"Feature","geometry":{"type":"Point","coordinates":[-16.51392,12.69639]},"properties":{"name":"","kind":"river"}},{"type":"Feature","geometry":{"type":"Point","coordinates":[-16.49955,12.68025]},"properties":{"name":"","kind":"river"}},{"type":"Feature","geometry":{"type":"Point","coordinates":[-16.50855,12.70992]},"properties":{"name":"","kind":"river"}},{"type":"Feature","geometry":{"type":"Point","coordinates":[-16.50727,12.70744]},"properties":{"name":"","kind":"river"}},{"type":"Feature","geometry":{"type":"Point","coordinates":[-16.53131,12.66415]},"properties":{"name":"","kind":"river"}},{"type":"Feature","geometry":{"type":"Point","coordinates":[-16.499,12.65311]},"properties":{"name":"","kind":"river"}},{"type":"Feature","geometry":{"type":"Point","coordinates":[-16.44802,12.57792]},"properties":{"name":"","kind":"river"}},{"type":"Feature","geometry":{"type":"Point","coordinates":[-16.44364,12.56541]},"properties":{"name":"","kind":"river"}},{"type":"Feature","geometry":{"type":"Point","coordinates":[-16.44499,12.53918]},"properties":{"name":"","kind":"river"}},{"type":"Feature","geometry":{"type":"Point","coordinates":[-16.47324,12.49165]},"properties":{"name":"","kind":"river"}},{"type":"Feature","geometry":{"type":"Point","coordinates":[-16.47972,12.46448]},"properties":{"name":"","kind":"river"}},{"type":"Feature","geometry":{"type":"Point","coordinates":[-16.2856,12.62201]},"properties":{"name":"","kind":"river"}},{"type":"Feature","geometry":{"type":"Point","coordinates":[-16.27029,12.64912]},"properties":{"name":"","kind":"river"}},{"type":"Feature","geometry":{"type":"Point","coordinates":[-16.26641,12.64369]},"properties":{"name":"","kind":"river"}},{"type":"Feature","geometry":{"type":"Point","coordinates":[-16.61236,12.40718]},"properties":{"name":"Essoukoudiak Bôlon","kind":"river"}},{"type":"Feature","geometry":{"type":"Point","coordinates":[-16.64471,12.50636]},"properties":{"name":"","kind":"river"}},{"type":"Feature","geometry":{"type":"Point","coordinates":[-16.63256,12.61647]},"properties":{"name":"Casamance","kind":"river"}},{"type":"Feature","geometry":{"type":"Point","coordinates":[-16.65701,12.4686]},"properties":{"name":"Diakèn Bôlon","kind":"river"}},{"type":"Feature","geometry":{"type":"Point","coordinates":[-16.65468,12.43816]},"properties":{"name":"Diakèn Bôlon","kind":"river"}},{"type":"Feature","geometry":{"type":"Point","coordinates":[-16.64174,12.39906]},"properties":{"name":"","kind":"river"}},{"type":"Feature","geometry":{"type":"Point","coordinates":[-16.63495,12.38982]},"properties":{"name":"","kind":"river"}},{"type":"Feature","geometry":{"type":"Point","coordinates":[-16.53283,12.53575]},"properties":{"name":"","kind":"river"}},{"type":"Feature","geometry":{"type":"Point","coordinates":[-16.51893,12.51816]},"properties":{"name":"","kind":"river"}},{"type":"Feature","geometry":{"type":"Point","coordinates":[-16.49963,12.42659]},"properties":{"name":"","kind":"river"}},{"type":"Feature","geometry":{"type":"Point","coordinates":[-16.47233,12.41454]},"properties":{"name":"","kind":"river"}},{"type":"Feature","geometry":{"type":"Point","coordinates":[-16.43353,12.37604]},"properties":{"name":"Kamobeul Bôlon","kind":"river"}},{"type":"Feature","geometry":{"type":"Point","coordinates":[-16.04871,14.06019]},"properties":{"name":"Robinet","kind":"water"}},{"type":"Feature","geometry":{"type":"Point","coordinates":[-16.04652,14.06369]},"properties":{"name":"Robinet","kind":"water"}},{"type":"Feature","geometry":{"type":"Point","coordinates":[-16.43934,12.47409]},"properties":{"name":"","kind":"river"}},{"type":"Feature","geometry":{"type":"Point","coordinates":[-16.39776,12.49033]},"properties":{"name":"","kind":"river"}},{"type":"Feature","geometry":{"type":"Point","coordinates":[-16.41606,12.48106]},"properties":{"name":"","kind":"river"}},{"type":"Feature","geometry":{"type":"Point","coordinates":[-16.24326,12.59063]},"properties":{"name":"","kind":"river"}},{"type":"Feature","geometry":{"type":"Point","coordinates":[-16.12824,12.63347]},"properties":{"name":"","kind":"river"}},{"type":"Feature","geometry":{"type":"Point","coordinates":[-16.18589,12.58185]},"properties":{"name":"","kind":"river"}},{"type":"Feature","geometry":{"type":"Point","coordinates":[-16.18977,12.56714]},"properties":{"name":"","kind":"river"}},{"type":"Feature","geometry":{"type":"Point","coordinates":[-16.18942,12.53326]},"properties":{"name":"","kind":"river"}},{"type":"Feature","geometry":{"type":"Point","coordinates":[-16.19119,12.39273]},"properties":{"name":"","kind":"river"}},{"type":"Feature","geometry":{"type":"Point","coordinates":[-16.21026,12.34638]},"properties":{"name":"Rio Grande de Sao Domingos","kind":"river"}},{"type":"Feature","geometry":{"type":"Point","coordinates":[-16.18112,12.41018]},"properties":{"name":"","kind":"river"}},{"type":"Feature","geometry":{"type":"Point","coordinates":[-15.69036,12.19671]},"properties":{"name":"","kind":"river"}},{"type":"Feature","geometry":{"type":"Point","coordinates":[-15.83835,12.26519]},"properties":{"name":"Rio Cacheu","kind":"river"}},{"type":"Feature","geometry":{"type":"Point","coordinates":[-15.62042,12.32818]},"properties":{"name":"Rio Cacheu","kind":"river"}},{"type":"Feature","geometry":{"type":"Point","coordinates":[-15.46696,12.39479]},"properties":{"name":"Rio Cacheu","kind":"river"}},{"type":"Feature","geometry":{"type":"Point","coordinates":[-15.40554,12.39415]},"properties":{"name":"Rio Cacheu","kind":"river"}},{"type":"Feature","geometry":{"type":"Point","coordinates":[-15.18499,12.4789]},"properties":{"name":"","kind":"river"}},{"type":"Feature","geometry":{"type":"Point","coordinates":[-15.18822,12.47678]},"properties":{"name":"","kind":"river"}},{"type":"Feature","geometry":{"type":"Point","coordinates":[-15.19109,12.43506]},"properties":{"name":"Rio Cacheu","kind":"river"}},{"type":"Feature","geometry":{"type":"Point","coordinates":[-15.98602,12.05611]},"properties":{"name":"","kind":"river"}},{"type":"Feature","geometry":{"type":"Point","coordinates":[-15.9506,12.01687]},"properties":{"name":"","kind":"river"}},{"type":"Feature","geometry":{"type":"Point","coordinates":[-16.10517,12.31593]},"properties":{"name":"Rio Cacheu","kind":"river"}},{"type":"Feature","geometry":{"type":"Point","coordinates":[-15.4441,12.06042]},"properties":{"name":"Rio Mansoa","kind":"river"}},{"type":"Feature","geometry":{"type":"Point","coordinates":[-15.5387,12.01697]},"properties":{"name":"Rio Mansoa","kind":"river"}},{"type":"Feature","geometry":{"type":"Point","coordinates":[-16.45026,12.19148]},"properties":{"name":"","kind":"river"}},{"type":"Feature","geometry":{"type":"Point","coordinates":[-15.93359,12.27019]},"properties":{"name":"","kind":"river"}},{"type":"Feature","geometry":{"type":"Point","coordinates":[-15.95904,12.32464]},"properties":{"name":"Rio Cacheu","kind":"river"}},{"type":"Feature","geometry":{"type":"Point","coordinates":[-16.08144,12.35067]},"properties":{"name":"","kind":"river"}},{"type":"Feature","geometry":{"type":"Point","coordinates":[-14.6668,12.14392]},"properties":{"name":"","kind":"river"}},{"type":"Feature","geometry":{"type":"Point","coordinates":[-14.63689,12.1735]},"properties":{"name":"","kind":"river"}},{"type":"Feature","geometry":{"type":"Point","coordinates":[-15.91414,11.99786]},"properties":{"name":"","kind":"river"}},{"type":"Feature","geometry":{"type":"Point","coordinates":[-15.76457,12.01784]},"properties":{"name":"","kind":"river"}},{"type":"Feature","geometry":{"type":"Point","coordinates":[-15.83517,12.01621]},"properties":{"name":"","kind":"river"}},{"type":"Feature","geometry":{"type":"Point","coordinates":[-15.7556,12.01596]},"properties":{"name":"","kind":"river"}},{"type":"Feature","geometry":{"type":"Point","coordinates":[-15.74496,12.00681]},"properties":{"name":"","kind":"river"}},{"type":"Feature","geometry":{"type":"Point","coordinates":[-15.89376,11.95784]},"properties":{"name":"","kind":"river"}},{"type":"Feature","geometry":{"type":"Point","coordinates":[-15.59655,12.02137]},"properties":{"name":"","kind":"river"}},{"type":"Feature","geometry":{"type":"Point","coordinates":[-15.5868,12.24242]},"properties":{"name":"Rio de Mansabandim","kind":"river"}},{"type":"Feature","geometry":{"type":"Point","coordinates":[-15.63046,12.31409]},"properties":{"name":"","kind":"river"}},{"type":"Feature","geometry":{"type":"Point","coordinates":[-15.71244,12.24819]},"properties":{"name":"","kind":"river"}},{"type":"Feature","geometry":{"type":"Point","coordinates":[-15.82791,12.26146]},"properties":{"name":"","kind":"river"}},{"type":"Feature","geometry":{"type":"Point","coordinates":[-14.57431,12.11164]},"properties":{"name":"","kind":"river"}},{"type":"Feature","geometry":{"type":"Point","coordinates":[-14.62567,12.15986]},"properties":{"name":"Rio Caré","kind":"river"}},{"type":"Feature","geometry":{"type":"Point","coordinates":[-14.58511,12.15653]},"properties":{"name":"","kind":"river"}},{"type":"Feature","geometry":{"type":"Point","coordinates":[-14.58739,12.16666]},"properties":{"name":"","kind":"river"}},{"type":"Feature","geometry":{"type":"Point","coordinates":[-14.48471,12.12692]},"properties":{"name":"Rio Colufi","kind":"river"}},{"type":"Feature","geometry":{"type":"Point","coordinates":[-16.8953,14.27421]},"properties":{"name":"","kind":"river"}},{"type":"Feature","geometry":{"type":"Point","coordinates":[-16.88701,14.24769]},"properties":{"name":"","kind":"river"}},{"type":"Feature","geometry":{"type":"Point","coordinates":[-16.49647,16.0762]},"properties":{"name":"","kind":"river"}},{"type":"Feature","geometry":{"type":"Point","coordinates":[-16.43921,16.03287]},"properties":{"name":"bango","kind":"water"}},{"type":"Feature","geometry":{"type":"Point","coordinates":[-16.48074,16.00296]},"properties":{"name":"","kind":"river"}},{"type":"Feature","geometry":{"type":"Point","coordinates":[-16.49691,15.96976]},"properties":{"name":"","kind":"river"}},{"type":"Feature","geometry":{"type":"Point","coordinates":[-16.50604,16.07356]},"properties":{"name":"","kind":"river"}},{"type":"Feature","geometry":{"type":"Point","coordinates":[-16.48828,16.05407]},"properties":{"name":"","kind":"river"}},{"type":"Feature","geometry":{"type":"Point","coordinates":[-16.49917,16.07164]},"properties":{"name":"","kind":"river"}},{"type":"Feature","geometry":{"type":"Point","coordinates":[-16.50473,16.05305]},"properties":{"name":"","kind":"river"}},{"type":"Feature","geometry":{"type":"Point","coordinates":[-16.46065,16.09401]},"properties":{"name":"","kind":"river"}},{"type":"Feature","geometry":{"type":"Point","coordinates":[-16.47904,15.91647]},"properties":{"name":"","kind":"river"}},{"type":"Feature","geometry":{"type":"Point","coordinates":[-16.44496,15.88116]},"properties":{"name":"","kind":"river"}},{"type":"Feature","geometry":{"type":"Point","coordinates":[-16.45038,15.88264]},"properties":{"name":"","kind":"river"}},{"type":"Feature","geometry":{"type":"Point","coordinates":[-16.47888,16.14758]},"properties":{"name":"جون كولوس","kind":"river"}},{"type":"Feature","geometry":{"type":"Point","coordinates":[-16.46396,16.27237]},"properties":{"name":"جون تيالكات","kind":"river"}},{"type":"Feature","geometry":{"type":"Point","coordinates":[-16.50721,16.15448]},"properties":{"name":"","kind":"river"}},{"type":"Feature","geometry":{"type":"Point","coordinates":[-16.4964,16.21182]},"properties":{"name":"Marigot Gavart جون كافارت","kind":"river"}},{"type":"Feature","geometry":{"type":"Point","coordinates":[-16.48778,16.2187]},"properties":{"name":"جون تيالكات","kind":"river"}},{"type":"Feature","geometry":{"type":"Point","coordinates":[-16.50331,15.9871]},"properties":{"name":"Sénégal","kind":"river"}},{"type":"Feature","geometry":{"type":"Point","coordinates":[-16.4518,16.14056]},"properties":{"name":"Sénégal السنغال","kind":"river"}},{"type":"Feature","geometry":{"type":"Point","coordinates":[-16.41134,16.21496]},"properties":{"name":"Sénégal السنغال","kind":"river"}},{"type":"Feature","geometry":{"type":"Point","coordinates":[-14.95351,16.65973]},"properties":{"name":"Sénégal السنغال","kind":"river"}},{"type":"Feature","geometry":{"type":"Point","coordinates":[-14.74224,15.27017]},"properties":{"name":"Wingol Vano Mérou","kind":"river"}},{"type":"Feature","geometry":{"type":"Point","coordinates":[-15.8052,15.86836]},"properties":{"name":"","kind":"river"}},{"type":"Feature","geometry":{"type":"Point","coordinates":[-15.91646,16.03563]},"properties":{"name":"Ferlo","kind":"river"}},{"type":"Feature","geometry":{"type":"Point","coordinates":[-15.88587,15.94192]},"properties":{"name":"Ferlo","kind":"river"}},{"type":"Feature","geometry":{"type":"Point","coordinates":[-15.77178,15.88132]},"properties":{"name":"Ferlo","kind":"river"}},{"type":"Feature","geometry":{"type":"Point","coordinates":[-15.70251,15.83348]},"properties":{"name":"Ferlo","kind":"river"}},{"type":"Feature","geometry":{"type":"Point","coordinates":[-15.59753,15.72155]},"properties":{"name":"Ferlo","kind":"river"}},{"type":"Feature","geometry":{"type":"Point","coordinates":[-15.81901,15.8649]},"properties":{"name":"","kind":"river"}},{"type":"Feature","geometry":{"type":"Point","coordinates":[-15.80799,15.85893]},"properties":{"name":"","kind":"river"}},{"type":"Feature","geometry":{"type":"Point","coordinates":[-16.73537,13.0375]},"properties":{"name":"Fleuve","kind":"river"}},{"type":"Feature","geometry":{"type":"Point","coordinates":[-15.79206,15.86485]},"properties":{"name":"","kind":"river"}},{"type":"Feature","geometry":{"type":"Point","coordinates":[-15.71302,15.84792]},"properties":{"name":"Ferlo","kind":"river"}},{"type":"Feature","geometry":{"type":"Point","coordinates":[-15.05922,15.35782]},"properties":{"name":"Ferlo","kind":"river"}},{"type":"Feature","geometry":{"type":"Point","coordinates":[-14.7028,15.151]},"properties":{"name":"Vendou namari","kind":"river"}},{"type":"Feature","geometry":{"type":"Point","coordinates":[-14.65893,14.99703]},"properties":{"name":"Tiângol Bem-Bem","kind":"river"}},{"type":"Feature","geometry":{"type":"Point","coordinates":[-15.69771,16.45968]},"properties":{"name":"","kind":"river"}},{"type":"Feature","geometry":{"type":"Point","coordinates":[-15.69541,16.46131]},"properties":{"name":"","kind":"river"}},{"type":"Feature","geometry":{"type":"Point","coordinates":[-15.41341,13.53405]},"properties":{"name":"Well","kind":"water"}},{"type":"Feature","geometry":{"type":"Point","coordinates":[-16.98397,14.91213]},"properties":{"name":"Bassin de Tivigne Tanghor","kind":"water"}},{"type":"Feature","geometry":{"type":"Point","coordinates":[-16.42862,13.41878]},"properties":{"name":"hand pump","kind":"water"}},{"type":"Feature","geometry":{"type":"Point","coordinates":[-15.95962,13.93225]},"properties":{"name":"Water spigot, private","kind":"water"}},{"type":"Feature","geometry":{"type":"Point","coordinates":[-16.08938,13.54431]},"properties":{"name":"","kind":"river"}},{"type":"Feature","geometry":{"type":"Point","coordinates":[-16.2054,13.67887]},"properties":{"name":"","kind":"river"}},{"type":"Feature","geometry":{"type":"Point","coordinates":[-16.46322,13.43086]},"properties":{"name":"","kind":"river"}},{"type":"Feature","geometry":{"type":"Point","coordinates":[-16.46084,13.44562]},"properties":{"name":"","kind":"river"}},{"type":"Feature","geometry":{"type":"Point","coordinates":[-16.46352,13.44546]},"properties":{"name":"","kind":"river"}},{"type":"Feature","geometry":{"type":"Point","coordinates":[-16.46311,13.44181]},"properties":{"name":"","kind":"river"}},{"type":"Feature","geometry":{"type":"Point","coordinates":[-16.46676,13.44358]},"properties":{"name":"","kind":"river"}},{"type":"Feature","geometry":{"type":"Point","coordinates":[-16.65403,12.3772]},"properties":{"name":"Essoukoudiak Bôlon","kind":"river"}},{"type":"Feature","geometry":{"type":"Point","coordinates":[-14.80495,13.34902]},"properties":{"name":"","kind":"river"}},{"type":"Feature","geometry":{"type":"Point","coordinates":[-14.75105,16.72777]},"properties":{"name":"Ngaleg انكالك","kind":"river"}},{"type":"Feature","geometry":{"type":"Point","coordinates":[-14.55591,12.97332]},"properties":{"name":"","kind":"river"}},{"type":"Feature","geometry":{"type":"Point","coordinates":[-16.56735,13.63616]},"properties":{"name":"","kind":"river"}},{"type":"Feature","geometry":{"type":"Point","coordinates":[-16.58884,13.70383]},"properties":{"name":"Bôlon Oudiéring","kind":"water"}},{"type":"Feature","geometry":{"type":"Point","coordinates":[-16.72482,13.3606]},"properties":{"name":"New project: Watertap 19","kind":"water"}},{"type":"Feature","geometry":{"type":"Point","coordinates":[-16.726,13.36039]},"properties":{"name":"New project: Watertap 18","kind":"water"}},{"type":"Feature","geometry":{"type":"Point","coordinates":[-16.723,13.36076]},"properties":{"name":"New project: Watertap 20","kind":"water"}},{"type":"Feature","geometry":{"type":"Point","coordinates":[-16.72565,13.35923]},"properties":{"name":"New project: Watertap 22","kind":"water"}},{"type":"Feature","geometry":{"type":"Point","coordinates":[-16.72561,13.35795]},"properties":{"name":"New project: Watertap 25","kind":"water"}},{"type":"Feature","geometry":{"type":"Point","coordinates":[-16.72779,13.36786]},"properties":{"name":"New project: Watertap 05","kind":"water"}},{"type":"Feature","geometry":{"type":"Point","coordinates":[-16.73049,13.36968]},"properties":{"name":"New project: Watertap 01","kind":"water"}},{"type":"Feature","geometry":{"type":"Point","coordinates":[-16.72767,13.36949]},"properties":{"name":"New project: Watertap 02","kind":"water"}},{"type":"Feature","geometry":{"type":"Point","coordinates":[-16.72432,13.36912]},"properties":{"name":"New project: Watertap 03","kind":"water"}},{"type":"Feature","geometry":{"type":"Point","coordinates":[-16.72133,13.36841]},"properties":{"name":"New project: Watertap 04","kind":"water"}},{"type":"Feature","geometry":{"type":"Point","coordinates":[-16.73322,13.36626]},"properties":{"name":"New project: Watertap 08","kind":"water"}},{"type":"Feature","geometry":{"type":"Point","coordinates":[-16.72983,13.3653]},"properties":{"name":"New project: Watertap 09","kind":"water"}},{"type":"Feature","geometry":{"type":"Point","coordinates":[-16.72827,13.36643]},"properties":{"name":"New project: Watertap 10","kind":"water"}},{"type":"Feature","geometry":{"type":"Point","coordinates":[-16.72553,13.36749]},"properties":{"name":"New project: Watertap 06","kind":"water"}},{"type":"Feature","geometry":{"type":"Point","coordinates":[-16.72345,13.36761]},"properties":{"name":"New project: Watertap 07","kind":"water"}},{"type":"Feature","geometry":{"type":"Point","coordinates":[-16.72594,13.3661]},"properties":{"name":"New project: Watertap 11","kind":"water"}},{"type":"Feature","geometry":{"type":"Point","coordinates":[-16.72246,13.3656]},"properties":{"name":"New project: Watertap 12","kind":"water"}},{"type":"Feature","geometry":{"type":"Point","coordinates":[-16.72064,13.36354]},"properties":{"name":"New project: Watertap 15","kind":"water"}},{"type":"Feature","geometry":{"type":"Point","coordinates":[-16.73321,13.36418]},"properties":{"name":"New project: Watertap 13","kind":"water"}},{"type":"Feature","geometry":{"type":"Point","coordinates":[-16.73106,13.36402]},"properties":{"name":"New project: Watertap 14","kind":"water"}},{"type":"Feature","geometry":{"type":"Point","coordinates":[-16.73235,13.36205]},"properties":{"name":"New project: 16","kind":"water"}},{"type":"Feature","geometry":{"type":"Point","coordinates":[-16.72922,13.36123]},"properties":{"name":"New project: Watertap 17","kind":"water"}},{"type":"Feature","geometry":{"type":"Point","coordinates":[-16.72898,13.3588]},"properties":{"name":"New project: Watertap 21","kind":"water"}},{"type":"Feature","geometry":{"type":"Point","coordinates":[-16.7229,13.359]},"properties":{"name":"New project: Watertap 23","kind":"water"}},{"type":"Feature","geometry":{"type":"Point","coordinates":[-16.7281,13.35697]},"properties":{"name":"New project: Watertap 24","kind":"water"}},{"type":"Feature","geometry":{"type":"Point","coordinates":[-15.3022,12.46431]},"properties":{"name":"","kind":"river"}},{"type":"Feature","geometry":{"type":"Point","coordinates":[-16.66213,14.11553]},"properties":{"name":"Mare","kind":"water"}},{"type":"Feature","geometry":{"type":"Point","coordinates":[-17.21825,14.68036]},"properties":{"name":"riviére de miname","kind":"water"}},{"type":"Feature","geometry":{"type":"Point","coordinates":[-16.35026,13.21321]},"properties":{"name":"","kind":"river"}},{"type":"Feature","geometry":{"type":"Point","coordinates":[-16.34804,13.21157]},"properties":{"name":"","kind":"river"}},{"type":"Feature","geometry":{"type":"Point","coordinates":[-16.34337,13.20217]},"properties":{"name":"Water Tap","kind":"water"}},{"type":"Feature","geometry":{"type":"Point","coordinates":[-16.34258,13.20166]},"properties":{"name":"Water Tap","kind":"water"}},{"type":"Feature","geometry":{"type":"Point","coordinates":[-16.3374,13.20415]},"properties":{"name":"Water Tap","kind":"water"}},{"type":"Feature","geometry":{"type":"Point","coordinates":[-16.34389,13.20388]},"properties":{"name":"Water Tap","kind":"water"}},{"type":"Feature","geometry":{"type":"Point","coordinates":[-16.34348,13.20764]},"properties":{"name":"Water Pump","kind":"water"}},{"type":"Feature","geometry":{"type":"Point","coordinates":[-14.7163,13.29082]},"properties":{"name":"","kind":"river"}},{"type":"Feature","geometry":{"type":"Point","coordinates":[-14.70196,13.27123]},"properties":{"name":"","kind":"river"}},{"type":"Feature","geometry":{"type":"Point","coordinates":[-14.72945,13.29384]},"properties":{"name":"","kind":"river"}},{"type":"Feature","geometry":{"type":"Point","coordinates":[-14.7016,13.29322]},"properties":{"name":"","kind":"river"}},{"type":"Feature","geometry":{"type":"Point","coordinates":[-14.71186,13.28634]},"properties":{"name":"","kind":"river"}},{"type":"Feature","geometry":{"type":"Point","coordinates":[-14.89624,13.56019]},"properties":{"name":"Gambia River","kind":"river"}},{"type":"Feature","geometry":{"type":"Point","coordinates":[-16.62944,14.20125]},"properties":{"name":"Puits de sel","kind":"water"}},{"type":"Feature","geometry":{"type":"Point","coordinates":[-16.59256,14.22223]},"properties":{"name":"Puits de sel de Faoye","kind":"water"}},{"type":"Feature","geometry":{"type":"Point","coordinates":[-15.58187,13.4756]},"properties":{"name":"","kind":"river"}},{"type":"Feature","geometry":{"type":"Point","coordinates":[-15.58069,13.4758]},"properties":{"name":"","kind":"river"}},{"type":"Feature","geometry":{"type":"Point","coordinates":[-15.56812,13.47386]},"properties":{"name":"","kind":"river"}},{"type":"Feature","geometry":{"type":"Point","coordinates":[-15.57483,13.47456]},"properties":{"name":"","kind":"river"}},{"type":"Feature","geometry":{"type":"Point","coordinates":[-15.59695,13.01587]},"properties":{"name":"Soungrougrou","kind":"river"}},{"type":"Feature","geometry":{"type":"Point","coordinates":[-15.71177,12.97501]},"properties":{"name":"Soungrougrou","kind":"river"}},{"type":"Feature","geometry":{"type":"Point","coordinates":[-15.7864,12.93289]},"properties":{"name":"Soungrougrou","kind":"river"}},{"type":"Feature","geometry":{"type":"Point","coordinates":[-15.88499,12.92867]},"properties":{"name":"Soungrougrou","kind":"river"}},{"type":"Feature","geometry":{"type":"Point","coordinates":[-16.2423,12.626]},"properties":{"name":"","kind":"river"}},{"type":"Feature","geometry":{"type":"Point","coordinates":[-14.87155,12.18508]},"properties":{"name":"Rio Jago","kind":"river"}},{"type":"Feature","geometry":{"type":"Point","coordinates":[-14.89838,12.18565]},"properties":{"name":"Rio Gambiel","kind":"river"}},{"type":"Feature","geometry":{"type":"Point","coordinates":[-14.82418,12.24631]},"properties":{"name":"","kind":"river"}},{"type":"Feature","geometry":{"type":"Point","coordinates":[-14.97642,12.28725]},"properties":{"name":"","kind":"river"}},{"type":"Feature","geometry":{"type":"Point","coordinates":[-14.73661,12.23164]},"properties":{"name":"","kind":"river"}},{"type":"Feature","geometry":{"type":"Point","coordinates":[-14.77803,12.22286]},"properties":{"name":"Rio Chibo","kind":"river"}},{"type":"Feature","geometry":{"type":"Point","coordinates":[-14.78788,12.17463]},"properties":{"name":"Rio Iaia","kind":"river"}},{"type":"Feature","geometry":{"type":"Point","coordinates":[-14.76337,12.20958]},"properties":{"name":"","kind":"river"}},{"type":"Feature","geometry":{"type":"Point","coordinates":[-14.75235,12.17143]},"properties":{"name":"Rio Changolesteli?(Bunquerel)","kind":"river"}},{"type":"Feature","geometry":{"type":"Point","coordinates":[-14.7842,12.18261]},"properties":{"name":"Rio Bicore","kind":"river"}},{"type":"Feature","geometry":{"type":"Point","coordinates":[-16.19445,16.39911]},"properties":{"name":"Grand Lac","kind":"water"}},{"type":"Feature","geometry":{"type":"Point","coordinates":[-14.67536,13.2459]},"properties":{"name":"","kind":"river"}},{"type":"Feature","geometry":{"type":"Point","coordinates":[-14.86242,13.03058]},"properties":{"name":"","kind":"river"}},{"type":"Feature","geometry":{"type":"Point","coordinates":[-14.86425,12.98751]},"properties":{"name":"","kind":"river"}},{"type":"Feature","geometry":{"type":"Point","coordinates":[-14.87247,12.93977]},"properties":{"name":"","kind":"river"}},{"type":"Feature","geometry":{"type":"Point","coordinates":[-14.8766,12.93195]},"properties":{"name":"","kind":"river"}},{"type":"Feature","geometry":{"type":"Point","coordinates":[-14.87824,12.91758]},"properties":{"name":"","kind":"river"}},{"type":"Feature","geometry":{"type":"Point","coordinates":[-14.93057,12.82682]},"properties":{"name":"","kind":"river"}},{"type":"Feature","geometry":{"type":"Point","coordinates":[-14.95532,12.8445]},"properties":{"name":"","kind":"river"}},{"type":"Feature","geometry":{"type":"Point","coordinates":[-14.85753,12.80199]},"properties":{"name":"","kind":"river"}},{"type":"Feature","geometry":{"type":"Point","coordinates":[-15.0425,12.60379]},"properties":{"name":"","kind":"river"}},{"type":"Feature","geometry":{"type":"Point","coordinates":[-15.13979,12.52541]},"properties":{"name":"","kind":"river"}},{"type":"Feature","geometry":{"type":"Point","coordinates":[-14.53804,12.02486]},"properties":{"name":"","kind":"river"}},{"type":"Feature","geometry":{"type":"Point","coordinates":[-16.31947,12.69617]},"properties":{"name":"Eau","kind":"water"}},{"type":"Feature","geometry":{"type":"Point","coordinates":[-15.13383,12.79714]},"properties":{"name":"","kind":"river"}},{"type":"Feature","geometry":{"type":"Point","coordinates":[-15.67238,12.24357]},"properties":{"name":"","kind":"river"}},{"type":"Feature","geometry":{"type":"Point","coordinates":[-16.69522,12.5168]},"properties":{"name":"","kind":"river"}},{"type":"Feature","geometry":{"type":"Point","coordinates":[-16.69284,12.51959]},"properties":{"name":"","kind":"river"}},{"type":"Feature","geometry":{"type":"Point","coordinates":[-16.69401,12.54172]},"properties":{"name":"","kind":"river"}},{"type":"Feature","geometry":{"type":"Point","coordinates":[-14.50691,13.44057]},"properties":{"name":"Gambie","kind":"river"}},{"type":"Feature","geometry":{"type":"Point","coordinates":[-14.72585,13.53493]},"properties":{"name":"Gambie","kind":"river"}},{"type":"Feature","geometry":{"type":"Point","coordinates":[-14.73322,13.52833]},"properties":{"name":"","kind":"river"}},{"type":"Feature","geometry":{"type":"Point","coordinates":[-14.78056,13.54054]},"properties":{"name":"","kind":"river"}},{"type":"Feature","geometry":{"type":"Point","coordinates":[-14.77312,13.54629]},"properties":{"name":"Gambia River","kind":"river"}},{"type":"Feature","geometry":{"type":"Point","coordinates":[-15.26847,13.66206]},"properties":{"name":"Gambia River","kind":"river"}},{"type":"Feature","geometry":{"type":"Point","coordinates":[-14.93997,13.66096]},"properties":{"name":"Gambia River","kind":"river"}},{"type":"Feature","geometry":{"type":"Point","coordinates":[-15.01858,13.78633]},"properties":{"name":"Nianija Bolon","kind":"river"}},{"type":"Feature","geometry":{"type":"Point","coordinates":[-14.96686,13.81909]},"properties":{"name":"Nianija Bolon","kind":"river"}},{"type":"Feature","geometry":{"type":"Point","coordinates":[-14.84925,13.55908]},"properties":{"name":"Gambia River","kind":"river"}},{"type":"Feature","geometry":{"type":"Point","coordinates":[-15.22251,13.64655]},"properties":{"name":"Gambia River","kind":"river"}},{"type":"Feature","geometry":{"type":"Point","coordinates":[-15.32052,13.50856]},"properties":{"name":"Gambia River","kind":"river"}},{"type":"Feature","geometry":{"type":"Point","coordinates":[-15.33044,13.66076]},"properties":{"name":"Gambia River","kind":"river"}},{"type":"Feature","geometry":{"type":"Point","coordinates":[-14.82222,13.56167]},"properties":{"name":"Gambia River","kind":"river"}},{"type":"Feature","geometry":{"type":"Point","coordinates":[-14.93489,13.57913]},"properties":{"name":"Gambia River","kind":"river"}},{"type":"Feature","geometry":{"type":"Point","coordinates":[-14.95745,13.59399]},"properties":{"name":"","kind":"river"}},{"type":"Feature","geometry":{"type":"Point","coordinates":[-16.2294,13.37135]},"properties":{"name":"Gambia River","kind":"river"}},{"type":"Feature","geometry":{"type":"Point","coordinates":[-16.10296,13.62226]},"properties":{"name":"Koular Bôlon","kind":"river"}},{"type":"Feature","geometry":{"type":"Point","coordinates":[-15.90176,13.44666]},"properties":{"name":"Gambia River","kind":"river"}},{"type":"Feature","geometry":{"type":"Point","coordinates":[-16.07243,13.43506]},"properties":{"name":"Gambia River","kind":"river"}},{"type":"Feature","geometry":{"type":"Point","coordinates":[-15.75035,13.46744]},"properties":{"name":"Gambia River","kind":"river"}},{"type":"Feature","geometry":{"type":"Point","coordinates":[-16.17658,13.41868]},"properties":{"name":"Gambia River","kind":"river"}},{"type":"Feature","geometry":{"type":"Point","coordinates":[-15.64567,13.47847]},"properties":{"name":"Gambia River","kind":"river"}},{"type":"Feature","geometry":{"type":"Point","coordinates":[-15.58541,13.49003]},"properties":{"name":"Gambia River","kind":"river"}},{"type":"Feature","geometry":{"type":"Point","coordinates":[-15.39042,13.45697]},"properties":{"name":"Gambia River","kind":"river"}},{"type":"Feature","geometry":{"type":"Point","coordinates":[-15.32584,13.4702]},"properties":{"name":"Gambia River","kind":"river"}},{"type":"Feature","geometry":{"type":"Point","coordinates":[-16.38321,14.03962]},"properties":{"name":"Well","kind":"water"}},{"type":"Feature","geometry":{"type":"Point","coordinates":[-16.38546,14.04026]},"properties":{"name":"well","kind":"water"}},{"type":"Feature","geometry":{"type":"Point","coordinates":[-15.81984,16.39361]},"properties":{"name":"Mare de Fouyorol","kind":"water"}},{"type":"Feature","geometry":{"type":"Point","coordinates":[-14.88041,13.6873]},"properties":{"name":"well","kind":"water"}},{"type":"Feature","geometry":{"type":"Point","coordinates":[-15.53029,13.38431]},"properties":{"name":"Ebola Community Center","kind":"water"}},{"type":"Feature","geometry":{"type":"Point","coordinates":[-17.18876,14.65377]},"properties":{"name":"","kind":"river"}},{"type":"Feature","geometry":{"type":"Point","coordinates":[-17.1885,14.65399]},"properties":{"name":"","kind":"river"}},{"type":"Feature","geometry":{"type":"Point","coordinates":[-14.65729,15.96849]},"properties":{"name":"Wendou Loumbol Doro","kind":"water"}},{"type":"Feature","geometry":{"type":"Point","coordinates":[-14.67364,15.92123]},"properties":{"name":"Wendou Loumbol Habiba","kind":"water"}},{"type":"Feature","geometry":{"type":"Point","coordinates":[-14.69204,15.91648]},"properties":{"name":"Wendou Ledem","kind":"water"}},{"type":"Feature","geometry":{"type":"Point","coordinates":[-14.72071,15.90776]},"properties":{"name":"Wendou Loumby Bolomby","kind":"water"}},{"type":"Feature","geometry":{"type":"Point","coordinates":[-14.72938,15.88703]},"properties":{"name":"Wendou Samba Ndjing","kind":"water"}},{"type":"Feature","geometry":{"type":"Point","coordinates":[-14.7491,15.8938]},"properties":{"name":"Wendou Wouro Nondy","kind":"water"}},{"type":"Feature","geometry":{"type":"Point","coordinates":[-14.76501,15.89878]},"properties":{"name":"Wendou Kekely Maoundou","kind":"water"}},{"type":"Feature","geometry":{"type":"Point","coordinates":[-14.80797,15.89263]},"properties":{"name":"Wendou Wouro Samba Rela","kind":"water"}},{"type":"Feature","geometry":{"type":"Point","coordinates":[-14.8137,15.88528]},"properties":{"name":"Loumbol Samba Dado","kind":"water"}},{"type":"Feature","geometry":{"type":"Point","coordinates":[-14.89788,15.79506]},"properties":{"name":"Wendou Baldieul","kind":"water"}},{"type":"Feature","geometry":{"type":"Point","coordinates":[-14.89498,15.786]},"properties":{"name":"Wendou Thiel 2","kind":"water"}},{"type":"Feature","geometry":{"type":"Point","coordinates":[-14.9155,15.74173]},"properties":{"name":"Wendou Ndiarka","kind":"water"}},{"type":"Feature","geometry":{"type":"Point","coordinates":[-14.87778,15.68084]},"properties":{"name":"Wendou Kadar","kind":"water"}},{"type":"Feature","geometry":{"type":"Point","coordinates":[-14.85138,15.69353]},"properties":{"name":"Wendou Gaydoume","kind":"water"}},{"type":"Feature","geometry":{"type":"Point","coordinates":[-14.83176,15.71132]},"properties":{"name":"Wendou Yero Thiadji","kind":"water"}},{"type":"Feature","geometry":{"type":"Point","coordinates":[-14.6181,15.73511]},"properties":{"name":"Thioukoungal","kind":"water"}},{"type":"Feature","geometry":{"type":"Point","coordinates":[-14.60352,15.72487]},"properties":{"name":"Bélel Koyle","kind":"water"}},{"type":"Feature","geometry":{"type":"Point","coordinates":[-14.56966,15.73967]},"properties":{"name":"Loumbel Noro","kind":"water"}},{"type":"Feature","geometry":{"type":"Point","coordinates":[-14.54867,15.74753]},"properties":{"name":"Bélel Mboylock","kind":"water"}},{"type":"Feature","geometry":{"type":"Point","coordinates":[-14.54246,15.75179]},"properties":{"name":"Bélel Yayamayri","kind":"water"}},{"type":"Feature","geometry":{"type":"Point","coordinates":[-14.52873,15.75414]},"properties":{"name":"Loumbol","kind":"water"}},{"type":"Feature","geometry":{"type":"Point","coordinates":[-14.50693,15.77144]},"properties":{"name":"Douné","kind":"water"}},{"type":"Feature","geometry":{"type":"Point","coordinates":[-14.50366,15.77733]},"properties":{"name":"Loumbol Guessel","kind":"water"}},{"type":"Feature","geometry":{"type":"Point","coordinates":[-14.52232,15.79059]},"properties":{"name":"Belel Koylé","kind":"water"}},{"type":"Feature","geometry":{"type":"Point","coordinates":[-14.52966,15.781]},"properties":{"name":"Bélèl Lamy","kind":"water"}},{"type":"Feature","geometry":{"type":"Point","coordinates":[-14.63684,14.75231]},"properties":{"name":"Gasse","kind":"water"}},{"type":"Feature","geometry":{"type":"Point","coordinates":[-14.59459,14.71455]},"properties":{"name":"Loumby","kind":"water"}},{"type":"Feature","geometry":{"type":"Point","coordinates":[-14.60548,14.80926]},"properties":{"name":"Lama","kind":"water"}},{"type":"Feature","geometry":{"type":"Point","coordinates":[-14.60109,14.8348]},"properties":{"name":"Lama","kind":"water"}},{"type":"Feature","geometry":{"type":"Point","coordinates":[-14.63786,14.8126]},"properties":{"name":"Loumbol Koukouy","kind":"water"}},{"type":"Feature","geometry":{"type":"Point","coordinates":[-14.6772,14.81507]},"properties":{"name":"Adia","kind":"water"}},{"type":"Feature","geometry":{"type":"Point","coordinates":[-14.88059,13.66705]},"properties":{"name":"Pallan Bolon","kind":"river"}},{"type":"Feature","geometry":{"type":"Point","coordinates":[-16.61749,13.46716]},"properties":{"name":"","kind":"river"}},{"type":"Feature","geometry":{"type":"Point","coordinates":[-16.61761,13.46312]},"properties":{"name":"","kind":"river"}},{"type":"Feature","geometry":{"type":"Point","coordinates":[-16.60651,13.46146]},"properties":{"name":"","kind":"river"}},{"type":"Feature","geometry":{"type":"Point","coordinates":[-16.63432,13.46395]},"properties":{"name":"","kind":"river"}},{"type":"Feature","geometry":{"type":"Point","coordinates":[-16.63589,13.46021]},"properties":{"name":"","kind":"river"}},{"type":"Feature","geometry":{"type":"Point","coordinates":[-15.91081,16.05104]},"properties":{"name":"","kind":"river"}},{"type":"Feature","geometry":{"type":"Point","coordinates":[-15.4226,12.04522]},"properties":{"name":"","kind":"river"}},{"type":"Feature","geometry":{"type":"Point","coordinates":[-15.43224,12.062]},"properties":{"name":"","kind":"river"}},{"type":"Feature","geometry":{"type":"Point","coordinates":[-15.42695,12.05289]},"properties":{"name":"","kind":"river"}},{"type":"Feature","geometry":{"type":"Point","coordinates":[-15.51084,12.02002]},"properties":{"name":"","kind":"river"}},{"type":"Feature","geometry":{"type":"Point","coordinates":[-15.50617,12.01978]},"properties":{"name":"","kind":"river"}},{"type":"Feature","geometry":{"type":"Point","coordinates":[-15.50106,12.65517]},"properties":{"name":"","kind":"river"}},{"type":"Feature","geometry":{"type":"Point","coordinates":[-15.77974,13.56859]},"properties":{"name":"Grand Bao Bôlon","kind":"river"}},{"type":"Feature","geometry":{"type":"Point","coordinates":[-15.71326,13.6615]},"properties":{"name":"Grand Bao Bôlon","kind":"river"}},{"type":"Feature","geometry":{"type":"Point","coordinates":[-16.58638,12.58941]},"properties":{"name":"Petit bolong","kind":"river"}},{"type":"Feature","geometry":{"type":"Point","coordinates":[-15.62469,13.77037]},"properties":{"name":"Grand Bao Bôlon","kind":"river"}},{"type":"Feature","geometry":{"type":"Point","coordinates":[-15.62431,13.77167]},"properties":{"name":"Grand Bao Bôlon","kind":"river"}},{"type":"Feature","geometry":{"type":"Point","coordinates":[-15.68121,13.69127]},"properties":{"name":"Grand Bao Bôlon","kind":"river"}},{"type":"Feature","geometry":{"type":"Point","coordinates":[-15.67802,13.69476]},"properties":{"name":"Grand Bao Bôlon","kind":"river"}},{"type":"Feature","geometry":{"type":"Point","coordinates":[-16.76838,13.35915]},"properties":{"name":"Tanji","kind":"river"}},{"type":"Feature","geometry":{"type":"Point","coordinates":[-17.36554,14.7769]},"properties":{"name":"Wakhinane","kind":"water"}},{"type":"Feature","geometry":{"type":"Point","coordinates":[-14.67939,12.17958]},"properties":{"name":"","kind":"river"}},{"type":"Feature","geometry":{"type":"Point","coordinates":[-14.67732,12.18068]},"properties":{"name":"","kind":"river"}},{"type":"Feature","geometry":{"type":"Point","coordinates":[-14.5012,12.42784]},"properties":{"name":"","kind":"river"}},{"type":"Feature","geometry":{"type":"Point","coordinates":[-14.50075,12.42394]},"properties":{"name":"","kind":"river"}},{"type":"Feature","geometry":{"type":"Point","coordinates":[-16.29933,12.23924]},"properties":{"name":"","kind":"river"}},{"type":"Feature","geometry":{"type":"Point","coordinates":[-16.29622,12.24245]},"properties":{"name":"","kind":"river"}},{"type":"Feature","geometry":{"type":"Point","coordinates":[-16.29782,12.24774]},"properties":{"name":"","kind":"river"}},{"type":"Feature","geometry":{"type":"Point","coordinates":[-16.19044,12.25604]},"properties":{"name":"","kind":"river"}},{"type":"Feature","geometry":{"type":"Point","coordinates":[-16.14194,12.24956]},"properties":{"name":"","kind":"river"}},{"type":"Feature","geometry":{"type":"Point","coordinates":[-16.30865,16.26307]},"properties":{"name":"Dioss","kind":"river"}},{"type":"Feature","geometry":{"type":"Point","coordinates":[-16.22765,16.2945]},"properties":{"name":"Dioss","kind":"river"}},{"type":"Feature","geometry":{"type":"Point","coordinates":[-16.22595,16.29442]},"properties":{"name":"Djeuss","kind":"river"}},{"type":"Feature","geometry":{"type":"Point","coordinates":[-15.80598,12.26404]},"properties":{"name":"","kind":"river"}},{"type":"Feature","geometry":{"type":"Point","coordinates":[-15.35874,13.07344]},"properties":{"name":"Soungrougrou","kind":"river"}},{"type":"Feature","geometry":{"type":"Point","coordinates":[-14.77267,12.85538]},"properties":{"name":"La Casamance","kind":"river"}},{"type":"Feature","geometry":{"type":"Point","coordinates":[-14.79852,12.87065]},"properties":{"name":"La Casamance","kind":"river"}},{"type":"Feature","geometry":{"type":"Point","coordinates":[-14.79286,12.87057]},"properties":{"name":"La Casamance","kind":"river"}},{"type":"Feature","geometry":{"type":"Point","coordinates":[-16.62035,13.43572]},"properties":{"name":"","kind":"river"}},{"type":"Feature","geometry":{"type":"Point","coordinates":[-16.44709,14.18813]},"properties":{"name":"","kind":"river"}},{"type":"Feature","geometry":{"type":"Point","coordinates":[-16.44227,14.18998]},"properties":{"name":"","kind":"river"}},{"type":"Feature","geometry":{"type":"Point","coordinates":[-16.40605,14.15776]},"properties":{"name":"","kind":"river"}},{"type":"Feature","geometry":{"type":"Point","coordinates":[-16.38721,14.15282]},"properties":{"name":"","kind":"river"}},{"type":"Feature","geometry":{"type":"Point","coordinates":[-16.35632,14.1699]},"properties":{"name":"","kind":"river"}},{"type":"Feature","geometry":{"type":"Point","coordinates":[-16.34319,14.16301]},"properties":{"name":"","kind":"river"}},{"type":"Feature","geometry":{"type":"Point","coordinates":[-16.3597,14.16116]},"properties":{"name":"","kind":"river"}},{"type":"Feature","geometry":{"type":"Point","coordinates":[-16.33975,14.16934]},"properties":{"name":"","kind":"river"}},{"type":"Feature","geometry":{"type":"Point","coordinates":[-16.3675,14.17284]},"properties":{"name":"","kind":"river"}},{"type":"Feature","geometry":{"type":"Point","coordinates":[-16.45715,14.1332]},"properties":{"name":"","kind":"river"}},{"type":"Feature","geometry":{"type":"Point","coordinates":[-16.53673,13.84863]},"properties":{"name":"","kind":"river"}},{"type":"Feature","geometry":{"type":"Point","coordinates":[-16.51085,13.86809]},"properties":{"name":"","kind":"river"}},{"type":"Feature","geometry":{"type":"Point","coordinates":[-16.4996,13.9327]},"properties":{"name":"","kind":"river"}},{"type":"Feature","geometry":{"type":"Point","coordinates":[-16.48189,13.95868]},"properties":{"name":"","kind":"river"}},{"type":"Feature","geometry":{"type":"Point","coordinates":[-16.49591,13.94833]},"properties":{"name":"","kind":"river"}},{"type":"Feature","geometry":{"type":"Point","coordinates":[-16.57064,13.8243]},"properties":{"name":"Diombos","kind":"river"}},{"type":"Feature","geometry":{"type":"Point","coordinates":[-16.49348,13.98578]},"properties":{"name":"","kind":"river"}},{"type":"Feature","geometry":{"type":"Point","coordinates":[-15.84387,12.01209]},"properties":{"name":"","kind":"river"}},{"type":"Feature","geometry":{"type":"Point","coordinates":[-16.75382,13.93068]},"properties":{"name":"Saloum","kind":"river"}},{"type":"Feature","geometry":{"type":"Point","coordinates":[-16.53479,13.98938]},"properties":{"name":"","kind":"river"}},{"type":"Feature","geometry":{"type":"Point","coordinates":[-16.54299,14.00708]},"properties":{"name":"","kind":"river"}},{"type":"Feature","geometry":{"type":"Point","coordinates":[-16.56439,13.99572]},"properties":{"name":"","kind":"river"}},{"type":"Feature","geometry":{"type":"Point","coordinates":[-15.79846,12.01128]},"properties":{"name":"Rio Mansoa","kind":"river"}},{"type":"Feature","geometry":{"type":"Point","coordinates":[-15.76988,12.92387]},"properties":{"name":"","kind":"river"}},{"type":"Feature","geometry":{"type":"Point","coordinates":[-16.63759,13.87919]},"properties":{"name":"","kind":"river"}},{"type":"Feature","geometry":{"type":"Point","coordinates":[-16.63029,13.8876]},"properties":{"name":"","kind":"river"}},{"type":"Feature","geometry":{"type":"Point","coordinates":[-16.63928,13.87331]},"properties":{"name":"Bôlon de Diogane","kind":"river"}},{"type":"Feature","geometry":{"type":"Point","coordinates":[-16.6371,13.8755]},"properties":{"name":"","kind":"river"}},{"type":"Feature","geometry":{"type":"Point","coordinates":[-16.64079,13.80197]},"properties":{"name":"","kind":"river"}},{"type":"Feature","geometry":{"type":"Point","coordinates":[-15.57156,16.50773]},"properties":{"name":"Sénégal السنغال","kind":"river"}},{"type":"Feature","geometry":{"type":"Point","coordinates":[-15.50965,16.52518]},"properties":{"name":"Sénégal السنغال","kind":"river"}},{"type":"Feature","geometry":{"type":"Point","coordinates":[-15.38456,16.55204]},"properties":{"name":"Sénégal السنغال","kind":"river"}},{"type":"Feature","geometry":{"type":"Point","coordinates":[-15.44375,16.57833]},"properties":{"name":"Sénégal السنغال","kind":"river"}},{"type":"Feature","geometry":{"type":"Point","coordinates":[-15.68495,16.47503]},"properties":{"name":"Sénégal السنغال","kind":"river"}},{"type":"Feature","geometry":{"type":"Point","coordinates":[-15.70218,16.47115]},"properties":{"name":"Sénégal السنغال","kind":"river"}},{"type":"Feature","geometry":{"type":"Point","coordinates":[-15.75063,16.48501]},"properties":{"name":"Sénégal السنغال","kind":"river"}},{"type":"Feature","geometry":{"type":"Point","coordinates":[-15.80258,16.50238]},"properties":{"name":"Sénégal السنغال","kind":"river"}},{"type":"Feature","geometry":{"type":"Point","coordinates":[-16.10143,16.34271]},"properties":{"name":"Lampsar","kind":"river"}},{"type":"Feature","geometry":{"type":"Point","coordinates":[-16.14356,16.28168]},"properties":{"name":"Lampsar","kind":"river"}},{"type":"Feature","geometry":{"type":"Point","coordinates":[-16.47441,16.02315]},"properties":{"name":"","kind":"river"}},{"type":"Feature","geometry":{"type":"Point","coordinates":[-16.40201,16.05689]},"properties":{"name":"N'Galam","kind":"river"}},{"type":"Feature","geometry":{"type":"Point","coordinates":[-14.97927,16.60578]},"properties":{"name":"Doué","kind":"river"}},{"type":"Feature","geometry":{"type":"Point","coordinates":[-14.99462,16.59068]},"properties":{"name":"Doué","kind":"river"}},{"type":"Feature","geometry":{"type":"Point","coordinates":[-14.56754,16.53382]},"properties":{"name":"Doué","kind":"river"}},{"type":"Feature","geometry":{"type":"Point","coordinates":[-14.67455,16.52606]},"properties":{"name":"Doué","kind":"river"}},{"type":"Feature","geometry":{"type":"Point","coordinates":[-14.64728,16.51697]},"properties":{"name":"Doué","kind":"river"}},{"type":"Feature","geometry":{"type":"Point","coordinates":[-14.95069,16.64632]},"properties":{"name":"Sénégal السنغال","kind":"river"}},{"type":"Feature","geometry":{"type":"Point","coordinates":[-14.95418,16.65689]},"properties":{"name":"Sénégal السنغال","kind":"river"}},{"type":"Feature","geometry":{"type":"Point","coordinates":[-15.6336,15.7705]},"properties":{"name":"Ferlo","kind":"river"}},{"type":"Feature","geometry":{"type":"Point","coordinates":[-15.76714,13.581]},"properties":{"name":"Grand Bao Bôlon","kind":"river"}},{"type":"Feature","geometry":{"type":"Point","coordinates":[-16.12086,14.13761]},"properties":{"name":"Saloum","kind":"river"}},{"type":"Feature","geometry":{"type":"Point","coordinates":[-16.06928,14.12187]},"properties":{"name":"Saloum","kind":"river"}},{"type":"Feature","geometry":{"type":"Point","coordinates":[-15.20057,14.2912]},"properties":{"name":"Saloum","kind":"river"}},{"type":"Feature","geometry":{"type":"Point","coordinates":[-15.07714,14.23851]},"properties":{"name":"Saloum","kind":"river"}},{"type":"Feature","geometry":{"type":"Point","coordinates":[-15.75018,14.1162]},"properties":{"name":"Saloum","kind":"river"}},{"type":"Feature","geometry":{"type":"Point","coordinates":[-15.83214,14.11812]},"properties":{"name":"Saloum","kind":"river"}},{"type":"Feature","geometry":{"type":"Point","coordinates":[-15.548,13.86998]},"properties":{"name":"Grand Bao Bôlon","kind":"river"}},{"type":"Feature","geometry":{"type":"Point","coordinates":[-15.49725,14.1806]},"properties":{"name":"Saloum","kind":"river"}},{"type":"Feature","geometry":{"type":"Point","coordinates":[-15.4534,14.1903]},"properties":{"name":"Saloum","kind":"river"}},{"type":"Feature","geometry":{"type":"Point","coordinates":[-15.25475,14.32268]},"properties":{"name":"Saloum","kind":"river"}},{"type":"Feature","geometry":{"type":"Point","coordinates":[-15.14452,14.25051]},"properties":{"name":"Saloum","kind":"river"}},{"type":"Feature","geometry":{"type":"Point","coordinates":[-14.8172,13.97727]},"properties":{"name":"Nianija Bolon","kind":"river"}},{"type":"Feature","geometry":{"type":"Point","coordinates":[-14.80154,13.98702]},"properties":{"name":"Nianija Bolon","kind":"river"}},{"type":"Feature","geometry":{"type":"Point","coordinates":[-16.49477,13.95335]},"properties":{"name":"Diombos","kind":"river"}},{"type":"Feature","geometry":{"type":"Point","coordinates":[-16.48243,13.88896]},"properties":{"name":"","kind":"river"}},{"type":"Feature","geometry":{"type":"Point","coordinates":[-16.45982,13.89773]},"properties":{"name":"Toubacouta","kind":"river"}},{"type":"Feature","geometry":{"type":"Point","coordinates":[-16.38991,13.8822]},"properties":{"name":"","kind":"river"}},{"type":"Feature","geometry":{"type":"Point","coordinates":[-16.46992,13.90885]},"properties":{"name":"","kind":"river"}},{"type":"Feature","geometry":{"type":"Point","coordinates":[-16.50788,13.89005]},"properties":{"name":"Diombos","kind":"river"}},{"type":"Feature","geometry":{"type":"Point","coordinates":[-16.485,14.00071]},"properties":{"name":"Diombos","kind":"river"}},{"type":"Feature","geometry":{"type":"Point","coordinates":[-16.4125,14.15338]},"properties":{"name":"Saloum","kind":"river"}},{"type":"Feature","geometry":{"type":"Point","coordinates":[-16.50841,14.10355]},"properties":{"name":"Saloum","kind":"river"}},{"type":"Feature","geometry":{"type":"Point","coordinates":[-16.45456,14.12966]},"properties":{"name":"","kind":"river"}},{"type":"Feature","geometry":{"type":"Point","coordinates":[-16.49041,14.12363]},"properties":{"name":"Saloum","kind":"river"}},{"type":"Feature","geometry":{"type":"Point","coordinates":[-16.373,14.11663]},"properties":{"name":"Diombos","kind":"river"}},{"type":"Feature","geometry":{"type":"Point","coordinates":[-16.37639,14.14856]},"properties":{"name":"Diombos","kind":"river"}},{"type":"Feature","geometry":{"type":"Point","coordinates":[-16.37394,14.1572]},"properties":{"name":"Saloum","kind":"river"}},{"type":"Feature","geometry":{"type":"Point","coordinates":[-16.44855,13.93276]},"properties":{"name":"","kind":"river"}},{"type":"Feature","geometry":{"type":"Point","coordinates":[-16.37643,14.35483]},"properties":{"name":"Sine","kind":"river"}},{"type":"Feature","geometry":{"type":"Point","coordinates":[-16.39593,14.33421]},"properties":{"name":"Sine","kind":"river"}},{"type":"Feature","geometry":{"type":"Point","coordinates":[-16.44728,14.1674]},"properties":{"name":"Sine","kind":"river"}},{"type":"Feature","geometry":{"type":"Point","coordinates":[-16.65336,13.80588]},"properties":{"name":"Diombos","kind":"river"}},{"type":"Feature","geometry":{"type":"Point","coordinates":[-16.65038,13.8339]},"properties":{"name":"Bôlon de Diogane","kind":"river"}},{"type":"Feature","geometry":{"type":"Point","coordinates":[-16.65871,13.87389]},"properties":{"name":"","kind":"river"}},{"type":"Feature","geometry":{"type":"Point","coordinates":[-16.65715,13.87661]},"properties":{"name":"","kind":"river"}},{"type":"Feature","geometry":{"type":"Point","coordinates":[-16.73381,13.97454]},"properties":{"name":"Saloum","kind":"river"}},{"type":"Feature","geometry":{"type":"Point","coordinates":[-16.66467,13.95405]},"properties":{"name":"","kind":"river"}},{"type":"Feature","geometry":{"type":"Point","coordinates":[-16.62237,13.96872]},"properties":{"name":"Bôlon de Diogane","kind":"river"}},{"type":"Feature","geometry":{"type":"Point","coordinates":[-16.62023,13.94331]},"properties":{"name":"Bôlon de Diogane","kind":"river"}},{"type":"Feature","geometry":{"type":"Point","coordinates":[-16.53024,13.95578]},"properties":{"name":"","kind":"river"}},{"type":"Feature","geometry":{"type":"Point","coordinates":[-16.52285,13.9217]},"properties":{"name":"","kind":"river"}},{"type":"Feature","geometry":{"type":"Point","coordinates":[-16.50386,13.90747]},"properties":{"name":"Diombos","kind":"river"}},{"type":"Feature","geometry":{"type":"Point","coordinates":[-16.43677,14.25906]},"properties":{"name":"","kind":"river"}},{"type":"Feature","geometry":{"type":"Point","coordinates":[-16.44921,14.25956]},"properties":{"name":"Nganassaw","kind":"river"}},{"type":"Feature","geometry":{"type":"Point","coordinates":[-16.45064,14.13644]},"properties":{"name":"Saloum","kind":"river"}},{"type":"Feature","geometry":{"type":"Point","coordinates":[-16.69167,14.00281]},"properties":{"name":"Saloum","kind":"river"}},{"type":"Feature","geometry":{"type":"Point","coordinates":[-16.70376,14.03554]},"properties":{"name":"Marigot de Djilor","kind":"river"}},{"type":"Feature","geometry":{"type":"Point","coordinates":[-16.49577,14.14954]},"properties":{"name":"Khabak","kind":"river"}},{"type":"Feature","geometry":{"type":"Point","coordinates":[-16.4678,14.13461]},"properties":{"name":"Saloum","kind":"river"}},{"type":"Feature","geometry":{"type":"Point","coordinates":[-16.27172,14.56126]},"properties":{"name":"Siné","kind":"river"}},{"type":"Feature","geometry":{"type":"Point","coordinates":[-16.36028,14.37386]},"properties":{"name":"Siné","kind":"river"}},{"type":"Feature","geometry":{"type":"Point","coordinates":[-16.30205,14.51194]},"properties":{"name":"Siné","kind":"river"}},{"type":"Feature","geometry":{"type":"Point","coordinates":[-16.05098,14.13207]},"properties":{"name":"Saloum","kind":"river"}},{"type":"Feature","geometry":{"type":"Point","coordinates":[-16.02968,14.14951]},"properties":{"name":"Saloum","kind":"river"}},{"type":"Feature","geometry":{"type":"Point","coordinates":[-16.18131,14.15491]},"properties":{"name":"Saloum","kind":"river"}},{"type":"Feature","geometry":{"type":"Point","coordinates":[-15.6338,13.76267]},"properties":{"name":"Grand Bao Bôlon","kind":"river"}},{"type":"Feature","geometry":{"type":"Point","coordinates":[-15.74835,13.61424]},"properties":{"name":"Grand Bao Bôlon","kind":"river"}},{"type":"Feature","geometry":{"type":"Point","coordinates":[-16.08384,13.59892]},"properties":{"name":"Koular Bôlon","kind":"river"}},{"type":"Feature","geometry":{"type":"Point","coordinates":[-16.53583,12.48239]},"properties":{"name":"","kind":"river"}},{"type":"Feature","geometry":{"type":"Point","coordinates":[-16.59927,12.37248]},"properties":{"name":"","kind":"river"}},{"type":"Feature","geometry":{"type":"Point","coordinates":[-16.63004,12.39795]},"properties":{"name":"Essoukoudiak Bôlon","kind":"river"}},{"type":"Feature","geometry":{"type":"Point","coordinates":[-16.44418,12.40777]},"properties":{"name":"Kamobeul Bôlon","kind":"river"}},{"type":"Feature","geometry":{"type":"Point","coordinates":[-16.64763,12.44357]},"properties":{"name":"Diakèn Bôlon","kind":"river"}},{"type":"Feature","geometry":{"type":"Point","coordinates":[-16.4581,12.46453]},"properties":{"name":"Kamobeul Bôlon","kind":"river"}},{"type":"Feature","geometry":{"type":"Point","coordinates":[-16.31272,12.60113]},"properties":{"name":"Casamance","kind":"river"}},{"type":"Feature","geometry":{"type":"Point","coordinates":[-16.27869,12.59381]},"properties":{"name":"Casamance","kind":"river"}},{"type":"Feature","geometry":{"type":"Point","coordinates":[-16.26226,12.59187]},"properties":{"name":"Casamance","kind":"river"}},{"type":"Feature","geometry":{"type":"Point","coordinates":[-16.34065,12.46348]},"properties":{"name":"","kind":"river"}},{"type":"Feature","geometry":{"type":"Point","coordinates":[-16.46859,12.50697]},"properties":{"name":"Kamobeul Bôlon","kind":"river"}},{"type":"Feature","geometry":{"type":"Point","coordinates":[-16.08659,12.61658]},"properties":{"name":"Casamance","kind":"river"}},{"type":"Feature","geometry":{"type":"Point","coordinates":[-16.27665,13.069]},"properties":{"name":"Baïla","kind":"river"}},{"type":"Feature","geometry":{"type":"Point","coordinates":[-16.60467,12.73335]},"properties":{"name":"Diouloulou Bôlon","kind":"river"}},{"type":"Feature","geometry":{"type":"Point","coordinates":[-16.55757,13.06512]},"properties":{"name":"Diouloulou Bôlon","kind":"river"}},{"type":"Feature","geometry":{"type":"Point","coordinates":[-16.59051,13.04695]},"properties":{"name":"Diouloulou Bôlon","kind":"river"}},{"type":"Feature","geometry":{"type":"Point","coordinates":[-16.33678,12.94665]},"properties":{"name":"Baïla","kind":"river"}},{"type":"Feature","geometry":{"type":"Point","coordinates":[-16.34565,12.58302]},"properties":{"name":"Casamance","kind":"river"}},{"type":"Feature","geometry":{"type":"Point","coordinates":[-15.97549,12.86408]},"properties":{"name":"Soungrougrou","kind":"river"}},{"type":"Feature","geometry":{"type":"Point","coordinates":[-16.23679,12.81911]},"properties":{"name":"Marigot de Bignona","kind":"river"}},{"type":"Feature","geometry":{"type":"Point","coordinates":[-16.22336,12.82418]},"properties":{"name":"Marigot de Bignona","kind":"river"}},{"type":"Feature","geometry":{"type":"Point","coordinates":[-16.56356,12.89776]},"properties":{"name":"Baïla","kind":"river"}},{"type":"Feature","geometry":{"type":"Point","coordinates":[-16.57202,12.86709]},"properties":{"name":"Diouloulou Bôlon","kind":"river"}},{"type":"Feature","geometry":{"type":"Point","coordinates":[-16.37051,12.87072]},"properties":{"name":"Baïla","kind":"river"}},{"type":"Feature","geometry":{"type":"Point","coordinates":[-16.36044,12.67931]},"properties":{"name":"Marigot de Bignona","kind":"river"}},{"type":"Feature","geometry":{"type":"Point","coordinates":[-16.54253,12.62695]},"properties":{"name":"Casamance","kind":"river"}},{"type":"Feature","geometry":{"type":"Point","coordinates":[-16.03378,12.65839]},"properties":{"name":"Soungrougrou","kind":"river"}},{"type":"Feature","geometry":{"type":"Point","coordinates":[-15.92294,12.8917]},"properties":{"name":"Soungrougrou","kind":"river"}},{"type":"Feature","geometry":{"type":"Point","coordinates":[-15.81968,12.93879]},"properties":{"name":"Soungrougrou","kind":"river"}},{"type":"Feature","geometry":{"type":"Point","coordinates":[-15.77484,12.93802]},"properties":{"name":"Soungrougrou","kind":"river"}},{"type":"Feature","geometry":{"type":"Point","coordinates":[-15.7989,12.9361]},"properties":{"name":"Soungrougrou","kind":"river"}},{"type":"Feature","geometry":{"type":"Point","coordinates":[-15.91384,13.10354]},"properties":{"name":"","kind":"river"}},{"type":"Feature","geometry":{"type":"Point","coordinates":[-15.48686,13.04239]},"properties":{"name":"Soungrougrou","kind":"river"}},{"type":"Feature","geometry":{"type":"Point","coordinates":[-15.53782,13.04324]},"properties":{"name":"Soungrougrou","kind":"river"}},{"type":"Feature","geometry":{"type":"Point","coordinates":[-15.46116,12.81027]},"properties":{"name":"Casamance","kind":"river"}},{"type":"Feature","geometry":{"type":"Point","coordinates":[-15.5418,12.71646]},"properties":{"name":"Casamance","kind":"river"}},{"type":"Feature","geometry":{"type":"Point","coordinates":[-15.19893,12.82159]},"properties":{"name":"Casamance","kind":"river"}},{"type":"Feature","geometry":{"type":"Point","coordinates":[-15.25087,12.84394]},"properties":{"name":"Casamance","kind":"river"}},{"type":"Feature","geometry":{"type":"Point","coordinates":[-16.02073,12.6423]},"properties":{"name":"Casamance","kind":"river"}},{"type":"Feature","geometry":{"type":"Point","coordinates":[-15.76044,12.58438]},"properties":{"name":"Casamance","kind":"river"}},{"type":"Feature","geometry":{"type":"Point","coordinates":[-15.98222,12.84079]},"properties":{"name":"Soungrougrou","kind":"river"}},{"type":"Feature","geometry":{"type":"Point","coordinates":[-15.9927,12.83185]},"properties":{"name":"Soungrougrou","kind":"river"}},{"type":"Feature","geometry":{"type":"Point","coordinates":[-15.99385,12.80005]},"properties":{"name":"Soungrougrou","kind":"river"}},{"type":"Feature","geometry":{"type":"Point","coordinates":[-15.85974,12.70846]},"properties":{"name":"","kind":"river"}},{"type":"Feature","geometry":{"type":"Point","coordinates":[-15.13974,12.80434]},"properties":{"name":"Casamance","kind":"river"}},{"type":"Feature","geometry":{"type":"Point","coordinates":[-15.27092,12.85774]},"properties":{"name":"Casamance","kind":"river"}},{"type":"Feature","geometry":{"type":"Point","coordinates":[-15.32386,12.85279]},"properties":{"name":"Casamance","kind":"river"}},{"type":"Feature","geometry":{"type":"Point","coordinates":[-15.52703,12.76434]},"properties":{"name":"Casamance","kind":"river"}},{"type":"Feature","geometry":{"type":"Point","coordinates":[-15.9285,12.59863]},"properties":{"name":"Casamance","kind":"river"}},{"type":"Feature","geometry":{"type":"Point","coordinates":[-15.88321,12.58291]},"properties":{"name":"Casamance","kind":"river"}},{"type":"Feature","geometry":{"type":"Point","coordinates":[-15.67906,12.58273]},"properties":{"name":"Casamance","kind":"river"}},{"type":"Feature","geometry":{"type":"Point","coordinates":[-15.70272,12.59484]},"properties":{"name":"Casamance","kind":"river"}},{"type":"Feature","geometry":{"type":"Point","coordinates":[-15.5316,12.66889]},"properties":{"name":"Casamance","kind":"river"}},{"type":"Feature","geometry":{"type":"Point","coordinates":[-15.53838,12.70058]},"properties":{"name":"Casamance","kind":"river"}},{"type":"Feature","geometry":{"type":"Point","coordinates":[-15.38775,12.82567]},"properties":{"name":"Casamance","kind":"river"}},{"type":"Feature","geometry":{"type":"Point","coordinates":[-15.43365,12.65928]},"properties":{"name":"","kind":"river"}},{"type":"Feature","geometry":{"type":"Point","coordinates":[-15.45067,12.66096]},"properties":{"name":"","kind":"river"}},{"type":"Feature","geometry":{"type":"Point","coordinates":[-15.54483,12.62149]},"properties":{"name":"Casamance","kind":"river"}},{"type":"Feature","geometry":{"type":"Point","coordinates":[-15.46803,12.66489]},"properties":{"name":"","kind":"river"}},{"type":"Feature","geometry":{"type":"Point","coordinates":[-15.57342,12.58839]},"properties":{"name":"Casamance","kind":"river"}},{"type":"Feature","geometry":{"type":"Point","coordinates":[-15.65213,12.55432]},"properties":{"name":"Casamance","kind":"river"}},{"type":"Feature","geometry":{"type":"Point","coordinates":[-15.8006,12.55115]},"properties":{"name":"","kind":"river"}},{"type":"Feature","geometry":{"type":"Point","coordinates":[-15.83709,12.57407]},"properties":{"name":"Casamance","kind":"river"}},{"type":"Feature","geometry":{"type":"Point","coordinates":[-14.93547,12.88222]},"properties":{"name":"La Casamance","kind":"river"}},{"type":"Feature","geometry":{"type":"Point","coordinates":[-14.64854,12.98634]},"properties":{"name":"","kind":"river"}},{"type":"Feature","geometry":{"type":"Point","coordinates":[-14.7107,13.28493]},"properties":{"name":"","kind":"river"}},{"type":"Feature","geometry":{"type":"Point","coordinates":[-14.70742,13.28898]},"properties":{"name":"","kind":"river"}},{"type":"Feature","geometry":{"type":"Point","coordinates":[-14.75503,12.89892]},"properties":{"name":"","kind":"river"}},{"type":"Feature","geometry":{"type":"Point","coordinates":[-14.87717,12.92433]},"properties":{"name":"","kind":"river"}},{"type":"Feature","geometry":{"type":"Point","coordinates":[-14.89997,12.91257]},"properties":{"name":"La Casamance","kind":"river"}},{"type":"Feature","geometry":{"type":"Point","coordinates":[-14.92309,12.9059]},"properties":{"name":"La Casamance","kind":"river"}},{"type":"Feature","geometry":{"type":"Point","coordinates":[-14.62919,12.99355]},"properties":{"name":"","kind":"river"}},{"type":"Feature","geometry":{"type":"Point","coordinates":[-14.95964,12.87061]},"properties":{"name":"La Casamance","kind":"river"}},{"type":"Feature","geometry":{"type":"Point","coordinates":[-14.99875,12.84379]},"properties":{"name":"La Casamance","kind":"river"}},{"type":"Feature","geometry":{"type":"Point","coordinates":[-14.86471,12.91105]},"properties":{"name":"La Casamance","kind":"river"}},{"type":"Feature","geometry":{"type":"Point","coordinates":[-14.60476,12.99532]},"properties":{"name":"","kind":"river"}},{"type":"Feature","geometry":{"type":"Point","coordinates":[-14.61992,13.67549]},"properties":{"name":"","kind":"river"}},{"type":"Feature","geometry":{"type":"Point","coordinates":[-17.08101,14.49738]},"properties":{"name":"","kind":"river"}},{"type":"Feature","geometry":{"type":"Point","coordinates":[-15.35659,15.61842]},"properties":{"name":"Ferlo","kind":"river"}},{"type":"Feature","geometry":{"type":"Point","coordinates":[-15.31632,15.55932]},"properties":{"name":"Ferlo","kind":"river"}},{"type":"Feature","geometry":{"type":"Point","coordinates":[-15.27359,15.54683]},"properties":{"name":"Ferlo","kind":"river"}},{"type":"Feature","geometry":{"type":"Point","coordinates":[-15.84669,16.23581]},"properties":{"name":"Ferlo","kind":"river"}},{"type":"Feature","geometry":{"type":"Point","coordinates":[-15.9104,16.08492]},"properties":{"name":"Ferlo","kind":"river"}},{"type":"Feature","geometry":{"type":"Point","coordinates":[-15.88583,15.86583]},"properties":{"name":"","kind":"river"}},{"type":"Feature","geometry":{"type":"Point","coordinates":[-14.6981,16.52243]},"properties":{"name":"","kind":"river"}},{"type":"Feature","geometry":{"type":"Point","coordinates":[-14.98423,15.35228]},"properties":{"name":"","kind":"river"}},{"type":"Feature","geometry":{"type":"Point","coordinates":[-14.97802,15.35171]},"properties":{"name":"","kind":"river"}},{"type":"Feature","geometry":{"type":"Point","coordinates":[-14.97946,15.35606]},"properties":{"name":"","kind":"river"}},{"type":"Feature","geometry":{"type":"Point","coordinates":[-14.63377,14.38822]},"properties":{"name":"Saloum","kind":"river"}},{"type":"Feature","geometry":{"type":"Point","coordinates":[-14.69111,14.37625]},"properties":{"name":"Saloum","kind":"river"}},{"type":"Feature","geometry":{"type":"Point","coordinates":[-15.72748,12.2852]},"properties":{"name":"","kind":"river"}},{"type":"Feature","geometry":{"type":"Point","coordinates":[-15.74351,12.27205]},"properties":{"name":"","kind":"river"}},{"type":"Feature","geometry":{"type":"Point","coordinates":[-15.56794,12.39241]},"properties":{"name":"","kind":"river"}},{"type":"Feature","geometry":{"type":"Point","coordinates":[-15.54049,12.41663]},"properties":{"name":"","kind":"river"}},{"type":"Feature","geometry":{"type":"Point","coordinates":[-16.06769,12.24552]},"properties":{"name":"","kind":"river"}},{"type":"Feature","geometry":{"type":"Point","coordinates":[-14.94604,15.54972]},"properties":{"name":"","kind":"river"}},{"type":"Feature","geometry":{"type":"Point","coordinates":[-15.78349,16.53202]},"properties":{"name":"","kind":"river"}},{"type":"Feature","geometry":{"type":"Point","coordinates":[-15.78749,16.5304]},"properties":{"name":"","kind":"river"}},{"type":"Feature","geometry":{"type":"Point","coordinates":[-15.78681,16.53061]},"properties":{"name":"","kind":"river"}},{"type":"Feature","geometry":{"type":"Point","coordinates":[-15.787,16.52996]},"properties":{"name":"","kind":"river"}},{"type":"Feature","geometry":{"type":"Point","coordinates":[-15.7867,16.53096]},"properties":{"name":"","kind":"river"}},{"type":"Feature","geometry":{"type":"Point","coordinates":[-15.7892,16.53022]},"properties":{"name":"","kind":"river"}},{"type":"Feature","geometry":{"type":"Point","coordinates":[-15.78681,16.53088]},"properties":{"name":"","kind":"river"}},{"type":"Feature","geometry":{"type":"Point","coordinates":[-15.78676,16.53091]},"properties":{"name":"","kind":"river"}},{"type":"Feature","geometry":{"type":"Point","coordinates":[-15.78675,16.53086]},"properties":{"name":"","kind":"river"}},{"type":"Feature","geometry":{"type":"Point","coordinates":[-15.78676,16.53077]},"properties":{"name":"","kind":"river"}},{"type":"Feature","geometry":{"type":"Point","coordinates":[-15.78672,16.53085]},"properties":{"name":"","kind":"river"}},{"type":"Feature","geometry":{"type":"Point","coordinates":[-16.3497,16.10938]},"properties":{"name":"MARIGOT DE LAMPSAR","kind":"water"}},{"type":"Feature","geometry":{"type":"Point","coordinates":[-15.7899,16.52963]},"properties":{"name":"","kind":"river"}},{"type":"Feature","geometry":{"type":"Point","coordinates":[-16.51504,13.5925]},"properties":{"name":"Niji Bolong","kind":"river"}},{"type":"Feature","geometry":{"type":"Point","coordinates":[-15.80143,16.52116]},"properties":{"name":"","kind":"river"}},{"type":"Feature","geometry":{"type":"Point","coordinates":[-15.32773,16.53694]},"properties":{"name":"","kind":"river"}},{"type":"Feature","geometry":{"type":"Point","coordinates":[-15.32735,16.53697]},"properties":{"name":"","kind":"river"}},{"type":"Feature","geometry":{"type":"Point","coordinates":[-15.3441,16.53744]},"properties":{"name":"","kind":"river"}},{"type":"Feature","geometry":{"type":"Point","coordinates":[-15.37715,16.53735]},"properties":{"name":"","kind":"river"}},{"type":"Feature","geometry":{"type":"Point","coordinates":[-15.37216,16.54264]},"properties":{"name":"","kind":"river"}},{"type":"Feature","geometry":{"type":"Point","coordinates":[-15.32686,16.53676]},"properties":{"name":"","kind":"river"}},{"type":"Feature","geometry":{"type":"Point","coordinates":[-15.3274,16.53846]},"properties":{"name":"","kind":"river"}},{"type":"Feature","geometry":{"type":"Point","coordinates":[-14.53606,16.59324]},"properties":{"name":"Tiéli Mayil","kind":"river"}},{"type":"Feature","geometry":{"type":"Point","coordinates":[-14.5417,16.58794]},"properties":{"name":"Tiéli Mayil","kind":"river"}},{"type":"Feature","geometry":{"type":"Point","coordinates":[-14.53606,16.59311]},"properties":{"name":"Tiéli Mayil","kind":"river"}},{"type":"Feature","geometry":{"type":"Point","coordinates":[-14.51358,16.58825]},"properties":{"name":"Tiéli Mayil","kind":"river"}},{"type":"Feature","geometry":{"type":"Point","coordinates":[-14.51375,16.58839]},"properties":{"name":"Tiéli Mayil","kind":"river"}},{"type":"Feature","geometry":{"type":"Point","coordinates":[-14.50184,16.59005]},"properties":{"name":"Tiéli Mayil","kind":"river"}},{"type":"Feature","geometry":{"type":"Point","coordinates":[-14.52475,16.59122]},"properties":{"name":"Tiéli Mayil","kind":"river"}},{"type":"Feature","geometry":{"type":"Point","coordinates":[-15.87206,15.48109]},"properties":{"name":"FORAGE","kind":"water"}},{"type":"Feature","geometry":{"type":"Point","coordinates":[-16.57283,14.26758]},"properties":{"name":"Puits de sel","kind":"water"}},{"type":"Feature","geometry":{"type":"Point","coordinates":[-16.5736,14.24839]},"properties":{"name":"Puits de sel","kind":"water"}},{"type":"Feature","geometry":{"type":"Point","coordinates":[-16.5692,14.26264]},"properties":{"name":"Puits de sel","kind":"water"}},{"type":"Feature","geometry":{"type":"Point","coordinates":[-16.64208,13.45751]},"properties":{"name":"","kind":"river"}},{"type":"Feature","geometry":{"type":"Point","coordinates":[-16.58288,13.41778]},"properties":{"name":"","kind":"river"}},{"type":"Feature","geometry":{"type":"Point","coordinates":[-16.64299,13.44004]},"properties":{"name":"","kind":"river"}},{"type":"Feature","geometry":{"type":"Point","coordinates":[-16.37482,12.96447]},"properties":{"name":"","kind":"river"}},{"type":"Feature","geometry":{"type":"Point","coordinates":[-16.30604,16.40924]},"properties":{"name":"Djoudi","kind":"river"}},{"type":"Feature","geometry":{"type":"Point","coordinates":[-16.30218,16.40959]},"properties":{"name":"Djoudi","kind":"river"}},{"type":"Feature","geometry":{"type":"Point","coordinates":[-14.95467,14.98332]},"properties":{"name":"","kind":"river"}},{"type":"Feature","geometry":{"type":"Point","coordinates":[-14.944,14.98222]},"properties":{"name":"","kind":"river"}},{"type":"Feature","geometry":{"type":"Point","coordinates":[-16.57933,13.88534]},"properties":{"name":"","kind":"river"}},{"type":"Feature","geometry":{"type":"Point","coordinates":[-16.60383,13.9343]},"properties":{"name":"","kind":"river"}},{"type":"Feature","geometry":{"type":"Point","coordinates":[-16.59873,13.92632]},"properties":{"name":"","kind":"river"}},{"type":"Feature","geometry":{"type":"Point","coordinates":[-16.58925,13.94716]},"properties":{"name":"","kind":"river"}},{"type":"Feature","geometry":{"type":"Point","coordinates":[-16.57362,13.92296]},"properties":{"name":"","kind":"river"}},{"type":"Feature","geometry":{"type":"Point","coordinates":[-16.36783,12.88167]},"properties":{"name":"Marigot de Baïla","kind":"water"}},{"type":"Feature","geometry":{"type":"Point","coordinates":[-16.59259,13.91351]},"properties":{"name":"","kind":"river"}},{"type":"Feature","geometry":{"type":"Point","coordinates":[-16.58804,13.89995]},"properties":{"name":"","kind":"river"}},{"type":"Feature","geometry":{"type":"Point","coordinates":[-16.57944,13.89031]},"properties":{"name":"","kind":"river"}},{"type":"Feature","geometry":{"type":"Point","coordinates":[-16.57838,13.8911]},"properties":{"name":"","kind":"river"}},{"type":"Feature","geometry":{"type":"Point","coordinates":[-16.57527,13.89223]},"properties":{"name":"","kind":"river"}},{"type":"Feature","geometry":{"type":"Point","coordinates":[-16.57916,13.90668]},"properties":{"name":"","kind":"river"}},{"type":"Feature","geometry":{"type":"Point","coordinates":[-16.57386,13.91394]},"properties":{"name":"","kind":"river"}},{"type":"Feature","geometry":{"type":"Point","coordinates":[-16.58554,13.91511]},"properties":{"name":"","kind":"river"}},{"type":"Feature","geometry":{"type":"Point","coordinates":[-16.58196,13.91453]},"properties":{"name":"","kind":"river"}},{"type":"Feature","geometry":{"type":"Point","coordinates":[-16.58385,13.91931]},"properties":{"name":"","kind":"river"}},{"type":"Feature","geometry":{"type":"Point","coordinates":[-16.58254,13.92091]},"properties":{"name":"","kind":"river"}},{"type":"Feature","geometry":{"type":"Point","coordinates":[-16.5801,13.92458]},"properties":{"name":"","kind":"river"}},{"type":"Feature","geometry":{"type":"Point","coordinates":[-16.59194,13.91639]},"properties":{"name":"","kind":"river"}},{"type":"Feature","geometry":{"type":"Point","coordinates":[-14.87015,13.38464]},"properties":{"name":"","kind":"river"}},{"type":"Feature","geometry":{"type":"Point","coordinates":[-14.7196,13.29559]},"properties":{"name":"","kind":"river"}},{"type":"Feature","geometry":{"type":"Point","coordinates":[-14.71985,13.29664]},"properties":{"name":"","kind":"river"}},{"type":"Feature","geometry":{"type":"Point","coordinates":[-14.71031,13.28645]},"properties":{"name":"","kind":"river"}},{"type":"Feature","geometry":{"type":"Point","coordinates":[-14.70957,13.28712]},"properties":{"name":"","kind":"river"}},{"type":"Feature","geometry":{"type":"Point","coordinates":[-14.6934,13.25859]},"properties":{"name":"","kind":"river"}},{"type":"Feature","geometry":{"type":"Point","coordinates":[-14.89311,12.82416]},"properties":{"name":"","kind":"river"}},{"type":"Feature","geometry":{"type":"Point","coordinates":[-14.88918,12.82413]},"properties":{"name":"","kind":"river"}},{"type":"Feature","geometry":{"type":"Point","coordinates":[-14.90875,12.8251]},"properties":{"name":"","kind":"river"}},{"type":"Feature","geometry":{"type":"Point","coordinates":[-14.91297,12.82534]},"properties":{"name":"","kind":"river"}},{"type":"Feature","geometry":{"type":"Point","coordinates":[-15.12759,12.79891]},"properties":{"name":"Casamance","kind":"river"}},{"type":"Feature","geometry":{"type":"Point","coordinates":[-15.12751,12.79887]},"properties":{"name":"Casamance","kind":"river"}},{"type":"Feature","geometry":{"type":"Point","coordinates":[-16.31,12.71235]},"properties":{"name":"","kind":"river"}},{"type":"Feature","geometry":{"type":"Point","coordinates":[-15.57231,12.56706]},"properties":{"name":"","kind":"river"}},{"type":"Feature","geometry":{"type":"Point","coordinates":[-15.55401,12.55377]},"properties":{"name":"","kind":"river"}},{"type":"Feature","geometry":{"type":"Point","coordinates":[-15.55922,12.55811]},"properties":{"name":"","kind":"river"}},{"type":"Feature","geometry":{"type":"Point","coordinates":[-15.51252,12.58902]},"properties":{"name":"","kind":"river"}},{"type":"Feature","geometry":{"type":"Point","coordinates":[-15.45951,12.57617]},"properties":{"name":"","kind":"river"}},{"type":"Feature","geometry":{"type":"Point","coordinates":[-15.45793,12.57519]},"properties":{"name":"","kind":"river"}},{"type":"Feature","geometry":{"type":"Point","coordinates":[-14.66016,12.85606]},"properties":{"name":"","kind":"river"}},{"type":"Feature","geometry":{"type":"Point","coordinates":[-14.56733,12.87226]},"properties":{"name":"","kind":"river"}},{"type":"Feature","geometry":{"type":"Point","coordinates":[-16.36369,16.37613]},"properties":{"name":"","kind":"river"}},{"type":"Feature","geometry":{"type":"Point","coordinates":[-16.49214,16.22721]},"properties":{"name":"","kind":"river"}},{"type":"Feature","geometry":{"type":"Point","coordinates":[-16.5072,16.2175]},"properties":{"name":"","kind":"river"}},{"type":"Feature","geometry":{"type":"Point","coordinates":[-16.5068,16.2064]},"properties":{"name":"","kind":"river"}},{"type":"Feature","geometry":{"type":"Point","coordinates":[-16.61525,14.09202]},"properties":{"name":"","kind":"river"}},{"type":"Feature","geometry":{"type":"Point","coordinates":[-16.55398,14.07935]},"properties":{"name":"","kind":"river"}},{"type":"Feature","geometry":{"type":"Point","coordinates":[-16.60254,14.05281]},"properties":{"name":"","kind":"river"}},{"type":"Feature","geometry":{"type":"Point","coordinates":[-15.77572,13.24933]},"properties":{"name":"","kind":"river"}},{"type":"Feature","geometry":{"type":"Point","coordinates":[-15.03428,13.28429]},"properties":{"name":"","kind":"river"}},{"type":"Feature","geometry":{"type":"Point","coordinates":[-14.73835,12.81704]},"properties":{"name":"","kind":"river"}},{"type":"Feature","geometry":{"type":"Point","coordinates":[-14.71444,12.79143]},"properties":{"name":"","kind":"river"}},{"type":"Feature","geometry":{"type":"Point","coordinates":[-15.26223,12.8678]},"properties":{"name":"","kind":"river"}},{"type":"Feature","geometry":{"type":"Point","coordinates":[-15.25146,12.88317]},"properties":{"name":"","kind":"river"}},{"type":"Feature","geometry":{"type":"Point","coordinates":[-15.7829,13.49708]},"properties":{"name":"Grand Bao Bôlon","kind":"river"}},{"type":"Feature","geometry":{"type":"Point","coordinates":[-15.77225,13.25956]},"properties":{"name":"","kind":"river"}},{"type":"Feature","geometry":{"type":"Point","coordinates":[-15.76975,13.26338]},"properties":{"name":"","kind":"river"}},{"type":"Feature","geometry":{"type":"Point","coordinates":[-15.7708,13.2623]},"properties":{"name":"","kind":"river"}},{"type":"Feature","geometry":{"type":"Point","coordinates":[-15.15906,13.01594]},"properties":{"name":"","kind":"river"}},{"type":"Feature","geometry":{"type":"Point","coordinates":[-15.15164,13.01811]},"properties":{"name":"","kind":"river"}},{"type":"Feature","geometry":{"type":"Point","coordinates":[-15.10994,13.02839]},"properties":{"name":"","kind":"river"}},{"type":"Feature","geometry":{"type":"Point","coordinates":[-15.1058,13.02794]},"properties":{"name":"","kind":"river"}},{"type":"Feature","geometry":{"type":"Point","coordinates":[-15.08828,13.02964]},"properties":{"name":"","kind":"river"}},{"type":"Feature","geometry":{"type":"Point","coordinates":[-15.08333,13.03276]},"properties":{"name":"","kind":"river"}},{"type":"Feature","geometry":{"type":"Point","coordinates":[-15.79442,13.1822]},"properties":{"name":"","kind":"river"}},{"type":"Feature","geometry":{"type":"Point","coordinates":[-15.80622,13.17354]},"properties":{"name":"","kind":"river"}},{"type":"Feature","geometry":{"type":"Point","coordinates":[-15.78697,13.19743]},"properties":{"name":"","kind":"river"}},{"type":"Feature","geometry":{"type":"Point","coordinates":[-16.35103,14.14243]},"properties":{"name":"","kind":"river"}},{"type":"Feature","geometry":{"type":"Point","coordinates":[-16.30965,14.1558]},"properties":{"name":"","kind":"river"}},{"type":"Feature","geometry":{"type":"Point","coordinates":[-15.63328,12.50339]},"properties":{"name":"","kind":"river"}},{"type":"Feature","geometry":{"type":"Point","coordinates":[-15.63365,12.53317]},"properties":{"name":"","kind":"river"}},{"type":"Feature","geometry":{"type":"Point","coordinates":[-15.63061,12.52796]},"properties":{"name":"","kind":"river"}},{"type":"Feature","geometry":{"type":"Point","coordinates":[-15.62726,12.50324]},"properties":{"name":"","kind":"river"}},{"type":"Feature","geometry":{"type":"Point","coordinates":[-15.63038,12.50484]},"properties":{"name":"","kind":"river"}},{"type":"Feature","geometry":{"type":"Point","coordinates":[-15.62968,12.50459]},"properties":{"name":"","kind":"river"}},{"type":"Feature","geometry":{"type":"Point","coordinates":[-15.62245,12.5021]},"properties":{"name":"","kind":"river"}},{"type":"Feature","geometry":{"type":"Point","coordinates":[-16.49634,14.06921]},"properties":{"name":"Puits de sel artisanaux de Soum","kind":"water"}},{"type":"Feature","geometry":{"type":"Point","coordinates":[-16.4446,14.07046]},"properties":{"name":"Puits de sel artisanaux de Soum","kind":"water"}},{"type":"Feature","geometry":{"type":"Point","coordinates":[-15.42055,13.0581]},"properties":{"name":"Soungrougrou","kind":"river"}},{"type":"Feature","geometry":{"type":"Point","coordinates":[-16.38377,14.0821]},"properties":{"name":"","kind":"river"}},{"type":"Feature","geometry":{"type":"Point","coordinates":[-16.37197,14.08248]},"properties":{"name":"","kind":"river"}},{"type":"Feature","geometry":{"type":"Point","coordinates":[-16.36813,14.07819]},"properties":{"name":"","kind":"river"}},{"type":"Feature","geometry":{"type":"Point","coordinates":[-16.47369,14.05532]},"properties":{"name":"","kind":"river"}},{"type":"Feature","geometry":{"type":"Point","coordinates":[-15.7561,12.90132]},"properties":{"name":"","kind":"river"}},{"type":"Feature","geometry":{"type":"Point","coordinates":[-15.75596,12.90415]},"properties":{"name":"","kind":"river"}},{"type":"Feature","geometry":{"type":"Point","coordinates":[-15.70199,13.03965]},"properties":{"name":"","kind":"river"}},{"type":"Feature","geometry":{"type":"Point","coordinates":[-15.14628,15.4313]},"properties":{"name":"","kind":"river"}},{"type":"Feature","geometry":{"type":"Point","coordinates":[-15.13025,15.4386]},"properties":{"name":"","kind":"river"}},{"type":"Feature","geometry":{"type":"Point","coordinates":[-15.60506,12.98006]},"properties":{"name":"","kind":"river"}},{"type":"Feature","geometry":{"type":"Point","coordinates":[-15.60429,12.97658]},"properties":{"name":"","kind":"river"}},{"type":"Feature","geometry":{"type":"Point","coordinates":[-15.60313,12.98004]},"properties":{"name":"","kind":"river"}},{"type":"Feature","geometry":{"type":"Point","coordinates":[-15.60349,12.97641]},"properties":{"name":"","kind":"river"}},{"type":"Feature","geometry":{"type":"Point","coordinates":[-15.59884,12.79574]},"properties":{"name":"","kind":"river"}},{"type":"Feature","geometry":{"type":"Point","coordinates":[-15.88866,12.71896]},"properties":{"name":"","kind":"river"}},{"type":"Feature","geometry":{"type":"Point","coordinates":[-15.84951,12.70665]},"properties":{"name":"","kind":"river"}},{"type":"Feature","geometry":{"type":"Point","coordinates":[-15.55566,12.84536]},"properties":{"name":"","kind":"river"}},{"type":"Feature","geometry":{"type":"Point","coordinates":[-15.79244,12.92366]},"properties":{"name":"","kind":"river"}},{"type":"Feature","geometry":{"type":"Point","coordinates":[-15.79267,12.92291]},"properties":{"name":"","kind":"river"}},{"type":"Feature","geometry":{"type":"Point","coordinates":[-15.79155,12.92724]},"properties":{"name":"","kind":"river"}},{"type":"Feature","geometry":{"type":"Point","coordinates":[-15.58091,12.85508]},"properties":{"name":"","kind":"river"}},{"type":"Feature","geometry":{"type":"Point","coordinates":[-15.75251,12.88919]},"properties":{"name":"","kind":"river"}},{"type":"Feature","geometry":{"type":"Point","coordinates":[-15.75066,12.88697]},"properties":{"name":"","kind":"river"}},{"type":"Feature","geometry":{"type":"Point","coordinates":[-15.69019,12.62139]},"properties":{"name":"","kind":"river"}},{"type":"Feature","geometry":{"type":"Point","coordinates":[-15.47544,12.57869]},"properties":{"name":"","kind":"river"}},{"type":"Feature","geometry":{"type":"Point","coordinates":[-15.47928,12.58102]},"properties":{"name":"","kind":"river"}},{"type":"Feature","geometry":{"type":"Point","coordinates":[-15.4686,12.57783]},"properties":{"name":"","kind":"river"}},{"type":"Feature","geometry":{"type":"Point","coordinates":[-15.45632,12.57542]},"properties":{"name":"","kind":"river"}},{"type":"Feature","geometry":{"type":"Point","coordinates":[-15.44094,12.55999]},"properties":{"name":"","kind":"river"}},{"type":"Feature","geometry":{"type":"Point","coordinates":[-15.4361,12.55192]},"properties":{"name":"","kind":"river"}},{"type":"Feature","geometry":{"type":"Point","coordinates":[-15.44909,12.568]},"properties":{"name":"","kind":"river"}},{"type":"Feature","geometry":{"type":"Point","coordinates":[-16.50916,14.01168]},"properties":{"name":"","kind":"river"}},{"type":"Feature","geometry":{"type":"Point","coordinates":[-16.56778,14.01113]},"properties":{"name":"","kind":"river"}},{"type":"Feature","geometry":{"type":"Point","coordinates":[-15.54802,12.54767]},"properties":{"name":"","kind":"river"}},{"type":"Feature","geometry":{"type":"Point","coordinates":[-16.5049,13.96413]},"properties":{"name":"","kind":"river"}},{"type":"Feature","geometry":{"type":"Point","coordinates":[-16.51084,13.95219]},"properties":{"name":"","kind":"river"}},{"type":"Feature","geometry":{"type":"Point","coordinates":[-16.52847,13.96243]},"properties":{"name":"","kind":"river"}},{"type":"Feature","geometry":{"type":"Point","coordinates":[-16.48427,13.89677]},"properties":{"name":"","kind":"river"}},{"type":"Feature","geometry":{"type":"Point","coordinates":[-16.59705,13.99139]},"properties":{"name":"","kind":"river"}},{"type":"Feature","geometry":{"type":"Point","coordinates":[-16.57674,13.98458]},"properties":{"name":"","kind":"river"}},{"type":"Feature","geometry":{"type":"Point","coordinates":[-15.77517,12.57577]},"properties":{"name":"","kind":"river"}},{"type":"Feature","geometry":{"type":"Point","coordinates":[-15.77236,12.55898]},"properties":{"name":"","kind":"river"}},{"type":"Feature","geometry":{"type":"Point","coordinates":[-14.86738,12.97236]},"properties":{"name":"","kind":"river"}},{"type":"Feature","geometry":{"type":"Point","coordinates":[-14.86765,12.95719]},"properties":{"name":"","kind":"river"}},{"type":"Feature","geometry":{"type":"Point","coordinates":[-16.73682,13.04726]},"properties":{"name":"Fleuve","kind":"river"}},{"type":"Feature","geometry":{"type":"Point","coordinates":[-16.73818,13.05258]},"properties":{"name":"Fleuve","kind":"river"}},{"type":"Feature","geometry":{"type":"Point","coordinates":[-16.54826,13.97246]},"properties":{"name":"","kind":"river"}},{"type":"Feature","geometry":{"type":"Point","coordinates":[-15.55494,12.7829]},"properties":{"name":"","kind":"river"}},{"type":"Feature","geometry":{"type":"Point","coordinates":[-16.58634,13.95139]},"properties":{"name":"","kind":"river"}},{"type":"Feature","geometry":{"type":"Point","coordinates":[-16.5757,13.96148]},"properties":{"name":"","kind":"river"}},{"type":"Feature","geometry":{"type":"Point","coordinates":[-16.56725,13.95621]},"properties":{"name":"","kind":"river"}},{"type":"Feature","geometry":{"type":"Point","coordinates":[-16.58428,13.96498]},"properties":{"name":"","kind":"river"}},{"type":"Feature","geometry":{"type":"Point","coordinates":[-16.73522,12.6685]},"properties":{"name":"","kind":"river"}},{"type":"Feature","geometry":{"type":"Point","coordinates":[-16.74508,12.64902]},"properties":{"name":"","kind":"river"}},{"type":"Feature","geometry":{"type":"Point","coordinates":[-16.71302,12.67532]},"properties":{"name":"","kind":"river"}},{"type":"Feature","geometry":{"type":"Point","coordinates":[-16.76889,12.66892]},"properties":{"name":"","kind":"river"}},{"type":"Feature","geometry":{"type":"Point","coordinates":[-16.74107,12.68413]},"properties":{"name":"","kind":"river"}},{"type":"Feature","geometry":{"type":"Point","coordinates":[-16.73542,12.72313]},"properties":{"name":"","kind":"river"}},{"type":"Feature","geometry":{"type":"Point","coordinates":[-16.69638,12.71197]},"properties":{"name":"","kind":"river"}},{"type":"Feature","geometry":{"type":"Point","coordinates":[-16.69287,12.715]},"properties":{"name":"","kind":"river"}},{"type":"Feature","geometry":{"type":"Point","coordinates":[-15.72757,12.51372]},"properties":{"name":"","kind":"river"}},{"type":"Feature","geometry":{"type":"Point","coordinates":[-15.68843,13.01639]},"properties":{"name":"","kind":"river"}},{"type":"Feature","geometry":{"type":"Point","coordinates":[-15.68815,13.01781]},"properties":{"name":"","kind":"river"}},{"type":"Feature","geometry":{"type":"Point","coordinates":[-16.75061,12.6784]},"properties":{"name":"","kind":"river"}},{"type":"Feature","geometry":{"type":"Point","coordinates":[-16.65296,12.78997]},"properties":{"name":"","kind":"river"}},{"type":"Feature","geometry":{"type":"Point","coordinates":[-16.72224,12.80724]},"properties":{"name":"","kind":"river"}},{"type":"Feature","geometry":{"type":"Point","coordinates":[-16.67455,12.73564]},"properties":{"name":"","kind":"river"}},{"type":"Feature","geometry":{"type":"Point","coordinates":[-16.70289,12.7407]},"properties":{"name":"","kind":"river"}},{"type":"Feature","geometry":{"type":"Point","coordinates":[-16.69013,12.74765]},"properties":{"name":"","kind":"river"}},{"type":"Feature","geometry":{"type":"Point","coordinates":[-16.59829,13.87477]},"properties":{"name":"","kind":"river"}},{"type":"Feature","geometry":{"type":"Point","coordinates":[-16.59279,13.86889]},"properties":{"name":"","kind":"river"}},{"type":"Feature","geometry":{"type":"Point","coordinates":[-16.7215,13.88867]},"properties":{"name":"","kind":"river"}},{"type":"Feature","geometry":{"type":"Point","coordinates":[-16.74839,12.78727]},"properties":{"name":"","kind":"river"}},{"type":"Feature","geometry":{"type":"Point","coordinates":[-16.7164,12.41306]},"properties":{"name":"","kind":"river"}},{"type":"Feature","geometry":{"type":"Point","coordinates":[-16.71652,12.41438]},"properties":{"name":"","kind":"river"}},{"type":"Feature","geometry":{"type":"Point","coordinates":[-16.73968,12.44307]},"properties":{"name":"","kind":"river"}},{"type":"Feature","geometry":{"type":"Point","coordinates":[-16.73934,12.44153]},"properties":{"name":"","kind":"river"}},{"type":"Feature","geometry":{"type":"Point","coordinates":[-16.53601,13.49052]},"properties":{"name":"Niji Bolong","kind":"river"}},{"type":"Feature","geometry":{"type":"Point","coordinates":[-16.53321,13.91817]},"properties":{"name":"","kind":"river"}},{"type":"Feature","geometry":{"type":"Point","coordinates":[-16.53341,13.96122]},"properties":{"name":"","kind":"river"}},{"type":"Feature","geometry":{"type":"Point","coordinates":[-16.53327,13.95883]},"properties":{"name":"","kind":"river"}},{"type":"Feature","geometry":{"type":"Point","coordinates":[-16.54559,13.95074]},"properties":{"name":"","kind":"river"}},{"type":"Feature","geometry":{"type":"Point","coordinates":[-16.54155,13.94765]},"properties":{"name":"","kind":"river"}},{"type":"Feature","geometry":{"type":"Point","coordinates":[-16.52799,13.94557]},"properties":{"name":"","kind":"river"}},{"type":"Feature","geometry":{"type":"Point","coordinates":[-16.56268,13.94978]},"properties":{"name":"","kind":"river"}},{"type":"Feature","geometry":{"type":"Point","coordinates":[-16.55026,13.94564]},"properties":{"name":"","kind":"river"}},{"type":"Feature","geometry":{"type":"Point","coordinates":[-16.56174,13.94219]},"properties":{"name":"","kind":"river"}},{"type":"Feature","geometry":{"type":"Point","coordinates":[-16.55189,13.93815]},"properties":{"name":"","kind":"river"}},{"type":"Feature","geometry":{"type":"Point","coordinates":[-16.53091,13.93124]},"properties":{"name":"","kind":"river"}},{"type":"Feature","geometry":{"type":"Point","coordinates":[-16.53191,13.9259]},"properties":{"name":"","kind":"river"}},{"type":"Feature","geometry":{"type":"Point","coordinates":[-16.76505,12.73061]},"properties":{"name":"","kind":"river"}},{"type":"Feature","geometry":{"type":"Point","coordinates":[-14.93248,12.92844]},"properties":{"name":"","kind":"river"}},{"type":"Feature","geometry":{"type":"Point","coordinates":[-16.6395,12.46802]},"properties":{"name":"","kind":"river"}},{"type":"Feature","geometry":{"type":"Point","coordinates":[-16.64193,12.46273]},"properties":{"name":"","kind":"river"}},{"type":"Feature","geometry":{"type":"Point","coordinates":[-16.69001,12.34731]},"properties":{"name":"","kind":"river"}},{"type":"Feature","geometry":{"type":"Point","coordinates":[-16.69697,12.34625]},"properties":{"name":"","kind":"river"}},{"type":"Feature","geometry":{"type":"Point","coordinates":[-16.66467,12.33672]},"properties":{"name":"","kind":"river"}},{"type":"Feature","geometry":{"type":"Point","coordinates":[-15.75167,12.8917]},"properties":{"name":"","kind":"river"}},{"type":"Feature","geometry":{"type":"Point","coordinates":[-15.62125,12.50255]},"properties":{"name":"","kind":"river"}},{"type":"Feature","geometry":{"type":"Point","coordinates":[-15.6221,12.50402]},"properties":{"name":"","kind":"river"}},{"type":"Feature","geometry":{"type":"Point","coordinates":[-16.52388,13.80142]},"properties":{"name":"","kind":"river"}},{"type":"Feature","geometry":{"type":"Point","coordinates":[-15.60047,12.96687]},"properties":{"name":"","kind":"river"}},{"type":"Feature","geometry":{"type":"Point","coordinates":[-16.48985,13.46527]},"properties":{"name":"","kind":"river"}},{"type":"Feature","geometry":{"type":"Point","coordinates":[-16.47172,13.44825]},"properties":{"name":"","kind":"river"}},{"type":"Feature","geometry":{"type":"Point","coordinates":[-16.47072,13.44661]},"properties":{"name":"","kind":"river"}},{"type":"Feature","geometry":{"type":"Point","coordinates":[-16.48025,13.46195]},"properties":{"name":"","kind":"river"}},{"type":"Feature","geometry":{"type":"Point","coordinates":[-16.49101,12.51438]},"properties":{"name":"","kind":"river"}},{"type":"Feature","geometry":{"type":"Point","coordinates":[-16.48936,12.41977]},"properties":{"name":"","kind":"river"}},{"type":"Feature","geometry":{"type":"Point","coordinates":[-16.50179,12.43574]},"properties":{"name":"","kind":"river"}},{"type":"Feature","geometry":{"type":"Point","coordinates":[-16.51366,12.4351]},"properties":{"name":"","kind":"river"}},{"type":"Feature","geometry":{"type":"Point","coordinates":[-16.48038,12.48186]},"properties":{"name":"","kind":"river"}},{"type":"Feature","geometry":{"type":"Point","coordinates":[-16.47616,12.47655]},"properties":{"name":"","kind":"river"}},{"type":"Feature","geometry":{"type":"Point","coordinates":[-16.49803,12.48305]},"properties":{"name":"","kind":"river"}},{"type":"Feature","geometry":{"type":"Point","coordinates":[-16.50585,12.47282]},"properties":{"name":"","kind":"river"}},{"type":"Feature","geometry":{"type":"Point","coordinates":[-16.50055,12.47208]},"properties":{"name":"","kind":"river"}},{"type":"Feature","geometry":{"type":"Point","coordinates":[-15.72811,12.50643]},"properties":{"name":"","kind":"river"}},{"type":"Feature","geometry":{"type":"Point","coordinates":[-15.31788,13.0794]},"properties":{"name":"","kind":"river"}},{"type":"Feature","geometry":{"type":"Point","coordinates":[-15.60499,12.9858]},"properties":{"name":"","kind":"river"}},{"type":"Feature","geometry":{"type":"Point","coordinates":[-15.60728,12.99627]},"properties":{"name":"","kind":"river"}},{"type":"Feature","geometry":{"type":"Point","coordinates":[-16.12175,13.50707]},"properties":{"name":"","kind":"river"}},{"type":"Feature","geometry":{"type":"Point","coordinates":[-16.0934,14.04771]},"properties":{"name":"","kind":"river"}},{"type":"Feature","geometry":{"type":"Point","coordinates":[-16.05421,14.00884]},"properties":{"name":"","kind":"river"}},{"type":"Feature","geometry":{"type":"Point","coordinates":[-16.06285,14.00842]},"properties":{"name":"","kind":"river"}},{"type":"Feature","geometry":{"type":"Point","coordinates":[-16.12393,14.08802]},"properties":{"name":"","kind":"river"}},{"type":"Feature","geometry":{"type":"Point","coordinates":[-16.12394,14.087]},"properties":{"name":"","kind":"river"}},{"type":"Feature","geometry":{"type":"Point","coordinates":[-15.85041,12.96049]},"properties":{"name":"","kind":"river"}},{"type":"Feature","geometry":{"type":"Point","coordinates":[-15.85057,12.96371]},"properties":{"name":"","kind":"river"}},{"type":"Feature","geometry":{"type":"Point","coordinates":[-15.85217,12.96899]},"properties":{"name":"","kind":"river"}},{"type":"Feature","geometry":{"type":"Point","coordinates":[-15.85173,12.96362]},"properties":{"name":"","kind":"river"}},{"type":"Feature","geometry":{"type":"Point","coordinates":[-15.59192,13.02667]},"properties":{"name":"","kind":"river"}},{"type":"Feature","geometry":{"type":"Point","coordinates":[-16.49102,16.12726]},"properties":{"name":"Marigot de Tibunoye جون تيبونوي","kind":"river"}},{"type":"Feature","geometry":{"type":"Point","coordinates":[-16.4735,15.90625]},"properties":{"name":"","kind":"river"}},{"type":"Feature","geometry":{"type":"Point","coordinates":[-16.4691,15.90395]},"properties":{"name":"","kind":"river"}},{"type":"Feature","geometry":{"type":"Point","coordinates":[-14.91585,12.82499]},"properties":{"name":"","kind":"river"}},{"type":"Feature","geometry":{"type":"Point","coordinates":[-14.90084,12.82428]},"properties":{"name":"","kind":"river"}},{"type":"Feature","geometry":{"type":"Point","coordinates":[-14.88213,12.82245]},"properties":{"name":"","kind":"river"}},{"type":"Feature","geometry":{"type":"Point","coordinates":[-14.86701,12.8148]},"properties":{"name":"","kind":"river"}},{"type":"Feature","geometry":{"type":"Point","coordinates":[-14.87216,12.81817]},"properties":{"name":"","kind":"river"}},{"type":"Feature","geometry":{"type":"Point","coordinates":[-14.87367,12.81949]},"properties":{"name":"","kind":"river"}},{"type":"Feature","geometry":{"type":"Point","coordinates":[-15.62401,12.50271]},"properties":{"name":"","kind":"river"}},{"type":"Feature","geometry":{"type":"Point","coordinates":[-16.6369,13.89756]},"properties":{"name":"","kind":"river"}},{"type":"Feature","geometry":{"type":"Point","coordinates":[-16.64583,13.92919]},"properties":{"name":"","kind":"river"}},{"type":"Feature","geometry":{"type":"Point","coordinates":[-16.56243,13.89512]},"properties":{"name":"","kind":"river"}},{"type":"Feature","geometry":{"type":"Point","coordinates":[-16.5877,13.87533]},"properties":{"name":"","kind":"river"}},{"type":"Feature","geometry":{"type":"Point","coordinates":[-16.56738,13.88533]},"properties":{"name":"","kind":"river"}},{"type":"Feature","geometry":{"type":"Point","coordinates":[-16.60253,13.86515]},"properties":{"name":"","kind":"river"}},{"type":"Feature","geometry":{"type":"Point","coordinates":[-16.61191,13.87722]},"properties":{"name":"","kind":"river"}},{"type":"Feature","geometry":{"type":"Point","coordinates":[-16.60251,13.85596]},"properties":{"name":"","kind":"river"}},{"type":"Feature","geometry":{"type":"Point","coordinates":[-14.82431,13.40583]},"properties":{"name":"","kind":"river"}},{"type":"Feature","geometry":{"type":"Point","coordinates":[-16.60866,13.83613]},"properties":{"name":"","kind":"river"}},{"type":"Feature","geometry":{"type":"Point","coordinates":[-16.60558,13.84139]},"properties":{"name":"","kind":"river"}},{"type":"Feature","geometry":{"type":"Point","coordinates":[-14.92874,12.81134]},"properties":{"name":"","kind":"river"}},{"type":"Feature","geometry":{"type":"Point","coordinates":[-14.92799,12.817]},"properties":{"name":"","kind":"river"}},{"type":"Feature","geometry":{"type":"Point","coordinates":[-14.93145,12.79626]},"properties":{"name":"","kind":"river"}},{"type":"Feature","geometry":{"type":"Point","coordinates":[-15.30093,13.45174]},"properties":{"name":"","kind":"river"}},{"type":"Feature","geometry":{"type":"Point","coordinates":[-15.15674,13.53396]},"properties":{"name":"","kind":"river"}},{"type":"Feature","geometry":{"type":"Point","coordinates":[-15.15994,13.53208]},"properties":{"name":"","kind":"river"}},{"type":"Feature","geometry":{"type":"Point","coordinates":[-15.15664,13.53156]},"properties":{"name":"","kind":"river"}},{"type":"Feature","geometry":{"type":"Point","coordinates":[-15.14028,13.5306]},"properties":{"name":"","kind":"river"}},{"type":"Feature","geometry":{"type":"Point","coordinates":[-15.14509,13.5322]},"properties":{"name":"","kind":"river"}},{"type":"Feature","geometry":{"type":"Point","coordinates":[-15.14613,13.53363]},"properties":{"name":"","kind":"river"}},{"type":"Feature","geometry":{"type":"Point","coordinates":[-16.4844,13.97862]},"properties":{"name":"","kind":"river"}},{"type":"Feature","geometry":{"type":"Point","coordinates":[-16.45829,13.93553]},"properties":{"name":"","kind":"river"}},{"type":"Feature","geometry":{"type":"Point","coordinates":[-16.46585,13.94997]},"properties":{"name":"","kind":"river"}},{"type":"Feature","geometry":{"type":"Point","coordinates":[-16.46356,13.95634]},"properties":{"name":"","kind":"river"}},{"type":"Feature","geometry":{"type":"Point","coordinates":[-16.45764,13.94583]},"properties":{"name":"","kind":"river"}},{"type":"Feature","geometry":{"type":"Point","coordinates":[-16.48888,13.94159]},"properties":{"name":"","kind":"river"}},{"type":"Feature","geometry":{"type":"Point","coordinates":[-16.49297,13.93455]},"properties":{"name":"","kind":"river"}},{"type":"Feature","geometry":{"type":"Point","coordinates":[-16.4808,13.93177]},"properties":{"name":"","kind":"river"}},{"type":"Feature","geometry":{"type":"Point","coordinates":[-16.48172,13.93016]},"properties":{"name":"","kind":"river"}},{"type":"Feature","geometry":{"type":"Point","coordinates":[-16.47419,13.91733]},"properties":{"name":"","kind":"river"}},{"type":"Feature","geometry":{"type":"Point","coordinates":[-16.47372,13.91734]},"properties":{"name":"","kind":"river"}},{"type":"Feature","geometry":{"type":"Point","coordinates":[-15.12663,13.53861]},"properties":{"name":"","kind":"river"}},{"type":"Feature","geometry":{"type":"Point","coordinates":[-15.13059,13.53441]},"properties":{"name":"","kind":"river"}},{"type":"Feature","geometry":{"type":"Point","coordinates":[-14.97025,12.86137]},"properties":{"name":"","kind":"river"}},{"type":"Feature","geometry":{"type":"Point","coordinates":[-16.44161,13.93401]},"properties":{"name":"","kind":"river"}},{"type":"Feature","geometry":{"type":"Point","coordinates":[-16.42061,13.89032]},"properties":{"name":"","kind":"river"}},{"type":"Feature","geometry":{"type":"Point","coordinates":[-16.42151,13.91337]},"properties":{"name":"","kind":"river"}},{"type":"Feature","geometry":{"type":"Point","coordinates":[-16.42022,13.91415]},"properties":{"name":"","kind":"river"}},{"type":"Feature","geometry":{"type":"Point","coordinates":[-14.86435,12.11208]},"properties":{"name":"Rio Gambiel","kind":"river"}},{"type":"Feature","geometry":{"type":"Point","coordinates":[-14.86679,12.12496]},"properties":{"name":"Rio Gambiel","kind":"river"}},{"type":"Feature","geometry":{"type":"Point","coordinates":[-15.6954,13.02882]},"properties":{"name":"","kind":"river"}},{"type":"Feature","geometry":{"type":"Point","coordinates":[-15.69872,13.03341]},"properties":{"name":"","kind":"river"}},{"type":"Feature","geometry":{"type":"Point","coordinates":[-15.10913,13.53802]},"properties":{"name":"","kind":"river"}},{"type":"Feature","geometry":{"type":"Point","coordinates":[-15.10668,13.53779]},"properties":{"name":"","kind":"river"}},{"type":"Feature","geometry":{"type":"Point","coordinates":[-15.10998,13.53879]},"properties":{"name":"","kind":"river"}},{"type":"Feature","geometry":{"type":"Point","coordinates":[-15.08188,13.53128]},"properties":{"name":"","kind":"river"}},{"type":"Feature","geometry":{"type":"Point","coordinates":[-14.853,12.79222]},"properties":{"name":"","kind":"river"}},{"type":"Feature","geometry":{"type":"Point","coordinates":[-14.90351,13.64987]},"properties":{"name":"","kind":"river"}},{"type":"Feature","geometry":{"type":"Point","coordinates":[-16.61608,13.80124]},"properties":{"name":"","kind":"river"}},{"type":"Feature","geometry":{"type":"Point","coordinates":[-14.74307,12.6987]},"properties":{"name":"","kind":"river"}},{"type":"Feature","geometry":{"type":"Point","coordinates":[-14.74542,12.69597]},"properties":{"name":"","kind":"river"}},{"type":"Feature","geometry":{"type":"Point","coordinates":[-14.74893,12.69155]},"properties":{"name":"","kind":"river"}},{"type":"Feature","geometry":{"type":"Point","coordinates":[-14.73959,12.70076]},"properties":{"name":"","kind":"river"}},{"type":"Feature","geometry":{"type":"Point","coordinates":[-14.67023,12.13674]},"properties":{"name":"","kind":"river"}},{"type":"Feature","geometry":{"type":"Point","coordinates":[-14.66754,12.1425]},"properties":{"name":"","kind":"river"}},{"type":"Feature","geometry":{"type":"Point","coordinates":[-14.93857,12.89049]},"properties":{"name":"","kind":"river"}},{"type":"Feature","geometry":{"type":"Point","coordinates":[-14.7058,12.76465]},"properties":{"name":"","kind":"river"}},{"type":"Feature","geometry":{"type":"Point","coordinates":[-14.70565,12.74252]},"properties":{"name":"","kind":"river"}},{"type":"Feature","geometry":{"type":"Point","coordinates":[-14.69908,12.70586]},"properties":{"name":"","kind":"river"}},{"type":"Feature","geometry":{"type":"Point","coordinates":[-14.70302,12.72369]},"properties":{"name":"","kind":"river"}},{"type":"Feature","geometry":{"type":"Point","coordinates":[-14.72563,12.71132]},"properties":{"name":"","kind":"river"}},{"type":"Feature","geometry":{"type":"Point","coordinates":[-14.71601,12.71523]},"properties":{"name":"","kind":"river"}},{"type":"Feature","geometry":{"type":"Point","coordinates":[-14.73091,12.70712]},"properties":{"name":"","kind":"river"}},{"type":"Feature","geometry":{"type":"Point","coordinates":[-14.69709,12.69653]},"properties":{"name":"","kind":"river"}},{"type":"Feature","geometry":{"type":"Point","coordinates":[-14.69806,12.70024]},"properties":{"name":"","kind":"river"}},{"type":"Feature","geometry":{"type":"Point","coordinates":[-16.67982,13.82229]},"properties":{"name":"","kind":"river"}},{"type":"Feature","geometry":{"type":"Point","coordinates":[-16.68419,13.88451]},"properties":{"name":"","kind":"river"}},{"type":"Feature","geometry":{"type":"Point","coordinates":[-16.67519,13.88893]},"properties":{"name":"","kind":"river"}},{"type":"Feature","geometry":{"type":"Point","coordinates":[-16.52634,14.39917]},"properties":{"name":"","kind":"river"}},{"type":"Feature","geometry":{"type":"Point","coordinates":[-16.70926,13.84653]},"properties":{"name":"","kind":"river"}},{"type":"Feature","geometry":{"type":"Point","coordinates":[-16.71136,13.84569]},"properties":{"name":"","kind":"river"}},{"type":"Feature","geometry":{"type":"Point","coordinates":[-16.6852,13.80146]},"properties":{"name":"","kind":"river"}},{"type":"Feature","geometry":{"type":"Point","coordinates":[-16.70669,13.85408]},"properties":{"name":"","kind":"river"}},{"type":"Feature","geometry":{"type":"Point","coordinates":[-16.71778,13.85932]},"properties":{"name":"","kind":"river"}},{"type":"Feature","geometry":{"type":"Point","coordinates":[-16.71724,13.85889]},"properties":{"name":"","kind":"river"}},{"type":"Feature","geometry":{"type":"Point","coordinates":[-16.71666,13.86295]},"properties":{"name":"","kind":"river"}},{"type":"Feature","geometry":{"type":"Point","coordinates":[-14.94993,12.94452]},"properties":{"name":"","kind":"river"}},{"type":"Feature","geometry":{"type":"Point","coordinates":[-14.94911,12.94466]},"properties":{"name":"","kind":"river"}},{"type":"Feature","geometry":{"type":"Point","coordinates":[-14.94829,12.94477]},"properties":{"name":"","kind":"river"}},{"type":"Feature","geometry":{"type":"Point","coordinates":[-14.9518,12.9452]},"properties":{"name":"","kind":"river"}},{"type":"Feature","geometry":{"type":"Point","coordinates":[-14.95367,12.94589]},"properties":{"name":"","kind":"river"}},{"type":"Feature","geometry":{"type":"Point","coordinates":[-14.9582,12.94847]},"properties":{"name":"","kind":"river"}},{"type":"Feature","geometry":{"type":"Point","coordinates":[-14.94466,12.94336]},"properties":{"name":"","kind":"river"}},{"type":"Feature","geometry":{"type":"Point","coordinates":[-16.71359,13.83196]},"properties":{"name":"","kind":"river"}},{"type":"Feature","geometry":{"type":"Point","coordinates":[-16.69454,13.81007]},"properties":{"name":"","kind":"river"}},{"type":"Feature","geometry":{"type":"Point","coordinates":[-16.68523,13.8284]},"properties":{"name":"","kind":"river"}},{"type":"Feature","geometry":{"type":"Point","coordinates":[-16.68766,13.82885]},"properties":{"name":"","kind":"river"}},{"type":"Feature","geometry":{"type":"Point","coordinates":[-16.72739,13.8321]},"properties":{"name":"","kind":"river"}},{"type":"Feature","geometry":{"type":"Point","coordinates":[-14.69712,12.6955]},"properties":{"name":"","kind":"river"}},{"type":"Feature","geometry":{"type":"Point","coordinates":[-17.23115,14.83866]},"properties":{"name":"Lac rose","kind":"water"}},{"type":"Feature","geometry":{"type":"Point","coordinates":[-16.44409,13.87717]},"properties":{"name":"","kind":"river"}},{"type":"Feature","geometry":{"type":"Point","coordinates":[-16.41345,13.88021]},"properties":{"name":"","kind":"river"}},{"type":"Feature","geometry":{"type":"Point","coordinates":[-16.4157,13.87899]},"properties":{"name":"","kind":"river"}},{"type":"Feature","geometry":{"type":"Point","coordinates":[-14.94103,12.94132]},"properties":{"name":"","kind":"river"}},{"type":"Feature","geometry":{"type":"Point","coordinates":[-14.94022,12.93885]},"properties":{"name":"","kind":"river"}},{"type":"Feature","geometry":{"type":"Point","coordinates":[-16.54342,14.48811]},"properties":{"name":"","kind":"river"}},{"type":"Feature","geometry":{"type":"Point","coordinates":[-16.44637,13.8297]},"properties":{"name":"","kind":"river"}},{"type":"Feature","geometry":{"type":"Point","coordinates":[-16.25836,16.28734]},"properties":{"name":"Dioss","kind":"river"}},{"type":"Feature","geometry":{"type":"Point","coordinates":[-16.27564,16.2831]},"properties":{"name":"Dioss","kind":"river"}},{"type":"Feature","geometry":{"type":"Point","coordinates":[-16.28751,16.28293]},"properties":{"name":"Dioss","kind":"river"}},{"type":"Feature","geometry":{"type":"Point","coordinates":[-16.2994,16.28389]},"properties":{"name":"Dioss","kind":"river"}},{"type":"Feature","geometry":{"type":"Point","coordinates":[-16.39041,13.837]},"properties":{"name":"","kind":"river"}},{"type":"Feature","geometry":{"type":"Point","coordinates":[-16.39597,13.83591]},"properties":{"name":"","kind":"river"}},{"type":"Feature","geometry":{"type":"Point","coordinates":[-16.41064,13.83554]},"properties":{"name":"","kind":"river"}},{"type":"Feature","geometry":{"type":"Point","coordinates":[-16.46342,13.83481]},"properties":{"name":"","kind":"river"}},{"type":"Feature","geometry":{"type":"Point","coordinates":[-16.46092,13.82283]},"properties":{"name":"","kind":"river"}},{"type":"Feature","geometry":{"type":"Point","coordinates":[-16.46074,13.82318]},"properties":{"name":"","kind":"river"}},{"type":"Feature","geometry":{"type":"Point","coordinates":[-16.48256,13.80797]},"properties":{"name":"","kind":"river"}},{"type":"Feature","geometry":{"type":"Point","coordinates":[-16.47686,13.81008]},"properties":{"name":"","kind":"river"}},{"type":"Feature","geometry":{"type":"Point","coordinates":[-15.35154,15.57623]},"properties":{"name":"Ferlo","kind":"river"}},{"type":"Feature","geometry":{"type":"Point","coordinates":[-15.35223,15.58074]},"properties":{"name":"Ferlo","kind":"river"}},{"type":"Feature","geometry":{"type":"Point","coordinates":[-16.74441,13.90231]},"properties":{"name":"","kind":"river"}},{"type":"Feature","geometry":{"type":"Point","coordinates":[-16.56608,13.644]},"properties":{"name":"","kind":"river"}},{"type":"Feature","geometry":{"type":"Point","coordinates":[-16.50191,13.80771]},"properties":{"name":"","kind":"river"}},{"type":"Feature","geometry":{"type":"Point","coordinates":[-16.5026,13.81894]},"properties":{"name":"","kind":"river"}},{"type":"Feature","geometry":{"type":"Point","coordinates":[-16.28571,16.42008]},"properties":{"name":"Djoudi","kind":"river"}},{"type":"Feature","geometry":{"type":"Point","coordinates":[-14.85677,13.06121]},"properties":{"name":"","kind":"river"}},{"type":"Feature","geometry":{"type":"Point","coordinates":[-16.54679,13.80761]},"properties":{"name":"","kind":"river"}},{"type":"Feature","geometry":{"type":"Point","coordinates":[-16.5423,13.81871]},"properties":{"name":"","kind":"river"}},{"type":"Feature","geometry":{"type":"Point","coordinates":[-16.57499,13.81629]},"properties":{"name":"","kind":"river"}},{"type":"Feature","geometry":{"type":"Point","coordinates":[-15.38719,14.20805]},"properties":{"name":"Saloum","kind":"river"}},{"type":"Feature","geometry":{"type":"Point","coordinates":[-15.34623,14.22624]},"properties":{"name":"Saloum","kind":"river"}},{"type":"Feature","geometry":{"type":"Point","coordinates":[-16.62504,13.75049]},"properties":{"name":"","kind":"river"}},{"type":"Feature","geometry":{"type":"Point","coordinates":[-16.61771,13.74907]},"properties":{"name":"","kind":"river"}},{"type":"Feature","geometry":{"type":"Point","coordinates":[-16.61987,13.74886]},"properties":{"name":"","kind":"river"}},{"type":"Feature","geometry":{"type":"Point","coordinates":[-16.197,13.93795]},"properties":{"name":"","kind":"river"}},{"type":"Feature","geometry":{"type":"Point","coordinates":[-16.21703,14.00608]},"properties":{"name":"","kind":"river"}},{"type":"Feature","geometry":{"type":"Point","coordinates":[-16.61511,13.76611]},"properties":{"name":"","kind":"river"}},{"type":"Feature","geometry":{"type":"Point","coordinates":[-16.61937,13.76393]},"properties":{"name":"","kind":"river"}},{"type":"Feature","geometry":{"type":"Point","coordinates":[-16.58029,13.78795]},"properties":{"name":"","kind":"river"}},{"type":"Feature","geometry":{"type":"Point","coordinates":[-16.5831,13.77849]},"properties":{"name":"","kind":"river"}},{"type":"Feature","geometry":{"type":"Point","coordinates":[-16.58726,13.80235]},"properties":{"name":"","kind":"river"}},{"type":"Feature","geometry":{"type":"Point","coordinates":[-16.5636,13.75892]},"properties":{"name":"","kind":"river"}},{"type":"Feature","geometry":{"type":"Point","coordinates":[-16.56315,13.75985]},"properties":{"name":"","kind":"river"}},{"type":"Feature","geometry":{"type":"Point","coordinates":[-16.56352,13.75803]},"properties":{"name":"","kind":"river"}},{"type":"Feature","geometry":{"type":"Point","coordinates":[-16.52977,13.72818]},"properties":{"name":"","kind":"river"}},{"type":"Feature","geometry":{"type":"Point","coordinates":[-16.52744,13.71395]},"properties":{"name":"","kind":"river"}},{"type":"Feature","geometry":{"type":"Point","coordinates":[-15.9474,12.98371]},"properties":{"name":"","kind":"river"}},{"type":"Feature","geometry":{"type":"Point","coordinates":[-15.76484,13.65098]},"properties":{"name":"","kind":"river"}},{"type":"Feature","geometry":{"type":"Point","coordinates":[-15.25962,13.66282]},"properties":{"name":"Bantanto Bolon","kind":"river"}},{"type":"Feature","geometry":{"type":"Point","coordinates":[-15.35854,13.54627]},"properties":{"name":"","kind":"river"}},{"type":"Feature","geometry":{"type":"Point","coordinates":[-16.41053,16.04816]},"properties":{"name":"","kind":"river"}},{"type":"Feature","geometry":{"type":"Point","coordinates":[-16.41479,16.04008]},"properties":{"name":"","kind":"river"}},{"type":"Feature","geometry":{"type":"Point","coordinates":[-16.58651,13.74632]},"properties":{"name":"","kind":"river"}},{"type":"Feature","geometry":{"type":"Point","coordinates":[-16.58541,13.74301]},"properties":{"name":"","kind":"river"}},{"type":"Feature","geometry":{"type":"Point","coordinates":[-16.56937,13.72669]},"properties":{"name":"","kind":"river"}},{"type":"Feature","geometry":{"type":"Point","coordinates":[-15.08207,13.68623]},"properties":{"name":"","kind":"river"}},{"type":"Feature","geometry":{"type":"Point","coordinates":[-14.9509,13.68788]},"properties":{"name":"","kind":"river"}},{"type":"Feature","geometry":{"type":"Point","coordinates":[-16.58061,13.71081]},"properties":{"name":"","kind":"river"}},{"type":"Feature","geometry":{"type":"Point","coordinates":[-16.59177,13.71364]},"properties":{"name":"","kind":"river"}},{"type":"Feature","geometry":{"type":"Point","coordinates":[-16.59166,13.71184]},"properties":{"name":"","kind":"river"}},{"type":"Feature","geometry":{"type":"Point","coordinates":[-16.58386,13.66601]},"properties":{"name":"","kind":"river"}},{"type":"Feature","geometry":{"type":"Point","coordinates":[-16.59012,13.66994]},"properties":{"name":"","kind":"river"}},{"type":"Feature","geometry":{"type":"Point","coordinates":[-16.58844,13.66925]},"properties":{"name":"","kind":"river"}},{"type":"Feature","geometry":{"type":"Point","coordinates":[-16.58776,13.66962]},"properties":{"name":"","kind":"river"}},{"type":"Feature","geometry":{"type":"Point","coordinates":[-15.85676,12.69889]},"properties":{"name":"","kind":"river"}},{"type":"Feature","geometry":{"type":"Point","coordinates":[-15.85897,12.69555]},"properties":{"name":"","kind":"river"}},{"type":"Feature","geometry":{"type":"Point","coordinates":[-15.98741,12.79915]},"properties":{"name":"","kind":"river"}},{"type":"Feature","geometry":{"type":"Point","coordinates":[-15.98609,12.79487]},"properties":{"name":"","kind":"river"}},{"type":"Feature","geometry":{"type":"Point","coordinates":[-15.98649,12.78215]},"properties":{"name":"","kind":"river"}},{"type":"Feature","geometry":{"type":"Point","coordinates":[-15.99681,12.77541]},"properties":{"name":"","kind":"river"}},{"type":"Feature","geometry":{"type":"Point","coordinates":[-16.59814,13.68299]},"properties":{"name":"","kind":"river"}},{"type":"Feature","geometry":{"type":"Point","coordinates":[-16.18765,12.64217]},"properties":{"name":"","kind":"river"}},{"type":"Feature","geometry":{"type":"Point","coordinates":[-14.96705,13.71332]},"properties":{"name":"","kind":"river"}},{"type":"Feature","geometry":{"type":"Point","coordinates":[-14.9559,13.71466]},"properties":{"name":"","kind":"river"}},{"type":"Feature","geometry":{"type":"Point","coordinates":[-16.60981,13.71859]},"properties":{"name":"","kind":"river"}},{"type":"Feature","geometry":{"type":"Point","coordinates":[-16.61788,13.72793]},"properties":{"name":"","kind":"river"}},{"type":"Feature","geometry":{"type":"Point","coordinates":[-14.52594,12.16263]},"properties":{"name":"","kind":"river"}},{"type":"Feature","geometry":{"type":"Point","coordinates":[-14.47453,12.21422]},"properties":{"name":"","kind":"river"}},{"type":"Feature","geometry":{"type":"Point","coordinates":[-14.50742,12.20943]},"properties":{"name":"","kind":"river"}},{"type":"Feature","geometry":{"type":"Point","coordinates":[-14.52375,12.23242]},"properties":{"name":"","kind":"river"}},{"type":"Feature","geometry":{"type":"Point","coordinates":[-14.54147,12.22778]},"properties":{"name":"","kind":"river"}},{"type":"Feature","geometry":{"type":"Point","coordinates":[-14.53955,12.20534]},"properties":{"name":"","kind":"river"}},{"type":"Feature","geometry":{"type":"Point","coordinates":[-14.52668,12.20395]},"properties":{"name":"","kind":"river"}},{"type":"Feature","geometry":{"type":"Point","coordinates":[-14.53064,12.18188]},"properties":{"name":"","kind":"river"}},{"type":"Feature","geometry":{"type":"Point","coordinates":[-14.59273,12.17482]},"properties":{"name":"","kind":"river"}},{"type":"Feature","geometry":{"type":"Point","coordinates":[-14.59487,12.19983]},"properties":{"name":"","kind":"river"}},{"type":"Feature","geometry":{"type":"Point","coordinates":[-14.58708,12.19313]},"properties":{"name":"","kind":"river"}},{"type":"Feature","geometry":{"type":"Point","coordinates":[-14.60721,12.1831]},"properties":{"name":"","kind":"river"}},{"type":"Feature","geometry":{"type":"Point","coordinates":[-14.66776,12.1416]},"properties":{"name":"","kind":"river"}},{"type":"Feature","geometry":{"type":"Point","coordinates":[-14.52749,12.40509]},"properties":{"name":"","kind":"river"}},{"type":"Feature","geometry":{"type":"Point","coordinates":[-14.53159,12.40447]},"properties":{"name":"","kind":"river"}},{"type":"Feature","geometry":{"type":"Point","coordinates":[-16.5829,14.42848]},"properties":{"name":"","kind":"river"}},{"type":"Feature","geometry":{"type":"Point","coordinates":[-16.58177,14.44398]},"properties":{"name":"","kind":"river"}},{"type":"Feature","geometry":{"type":"Point","coordinates":[-16.58452,14.43868]},"properties":{"name":"","kind":"river"}},{"type":"Feature","geometry":{"type":"Point","coordinates":[-16.66827,14.42634]},"properties":{"name":"","kind":"river"}},{"type":"Feature","geometry":{"type":"Point","coordinates":[-16.6514,14.41293]},"properties":{"name":"","kind":"river"}},{"type":"Feature","geometry":{"type":"Point","coordinates":[-16.65212,14.41353]},"properties":{"name":"","kind":"river"}},{"type":"Feature","geometry":{"type":"Point","coordinates":[-15.86206,12.69808]},"properties":{"name":"","kind":"river"}},{"type":"Feature","geometry":{"type":"Point","coordinates":[-16.32315,13.29751]},"properties":{"name":"","kind":"river"}},{"type":"Feature","geometry":{"type":"Point","coordinates":[-16.60301,14.22026]},"properties":{"name":"","kind":"river"}},{"type":"Feature","geometry":{"type":"Point","coordinates":[-15.29043,12.05866]},"properties":{"name":"Rio Mansoa","kind":"river"}},{"type":"Feature","geometry":{"type":"Point","coordinates":[-15.23031,12.11813]},"properties":{"name":"Rio de Olom","kind":"river"}},{"type":"Feature","geometry":{"type":"Point","coordinates":[-14.61737,12.16056]},"properties":{"name":"","kind":"river"}},{"type":"Feature","geometry":{"type":"Point","coordinates":[-14.63883,12.17471]},"properties":{"name":"","kind":"river"}},{"type":"Feature","geometry":{"type":"Point","coordinates":[-14.64321,12.16724]},"properties":{"name":"","kind":"river"}},{"type":"Feature","geometry":{"type":"Point","coordinates":[-14.60226,12.18933]},"properties":{"name":"","kind":"river"}},{"type":"Feature","geometry":{"type":"Point","coordinates":[-14.5735,12.17323]},"properties":{"name":"","kind":"river"}},{"type":"Feature","geometry":{"type":"Point","coordinates":[-14.55807,12.16932]},"properties":{"name":"","kind":"river"}},{"type":"Feature","geometry":{"type":"Point","coordinates":[-14.5626,12.18411]},"properties":{"name":"","kind":"river"}},{"type":"Feature","geometry":{"type":"Point","coordinates":[-14.56563,12.1783]},"properties":{"name":"","kind":"river"}},{"type":"Feature","geometry":{"type":"Point","coordinates":[-14.5342,12.16654]},"properties":{"name":"","kind":"river"}},{"type":"Feature","geometry":{"type":"Point","coordinates":[-14.50706,12.21918]},"properties":{"name":"","kind":"river"}},{"type":"Feature","geometry":{"type":"Point","coordinates":[-16.52635,14.51858]},"properties":{"name":"","kind":"river"}},{"type":"Feature","geometry":{"type":"Point","coordinates":[-16.53502,14.50828]},"properties":{"name":"","kind":"river"}},{"type":"Feature","geometry":{"type":"Point","coordinates":[-14.51788,12.04856]},"properties":{"name":"","kind":"river"}},{"type":"Feature","geometry":{"type":"Point","coordinates":[-14.53051,12.06127]},"properties":{"name":"","kind":"river"}},{"type":"Feature","geometry":{"type":"Point","coordinates":[-14.50981,12.02548]},"properties":{"name":"","kind":"river"}},{"type":"Feature","geometry":{"type":"Point","coordinates":[-14.53235,12.03178]},"properties":{"name":"","kind":"river"}},{"type":"Feature","geometry":{"type":"Point","coordinates":[-14.53258,12.03005]},"properties":{"name":"","kind":"river"}},{"type":"Feature","geometry":{"type":"Point","coordinates":[-14.49332,12.07674]},"properties":{"name":"","kind":"river"}},{"type":"Feature","geometry":{"type":"Point","coordinates":[-16.21228,14.04836]},"properties":{"name":"","kind":"river"}},{"type":"Feature","geometry":{"type":"Point","coordinates":[-16.21739,14.0386]},"properties":{"name":"","kind":"river"}},{"type":"Feature","geometry":{"type":"Point","coordinates":[-16.20747,13.97353]},"properties":{"name":"","kind":"river"}},{"type":"Feature","geometry":{"type":"Point","coordinates":[-16.92929,14.31962]},"properties":{"name":"","kind":"river"}},{"type":"Feature","geometry":{"type":"Point","coordinates":[-16.92758,14.3169]},"properties":{"name":"","kind":"river"}},{"type":"Feature","geometry":{"type":"Point","coordinates":[-16.93171,14.32238]},"properties":{"name":"","kind":"river"}},{"type":"Feature","geometry":{"type":"Point","coordinates":[-16.93103,14.32232]},"properties":{"name":"","kind":"river"}},{"type":"Feature","geometry":{"type":"Point","coordinates":[-16.92537,14.31745]},"properties":{"name":"","kind":"river"}},{"type":"Feature","geometry":{"type":"Point","coordinates":[-16.92396,14.31729]},"properties":{"name":"","kind":"river"}},{"type":"Feature","geometry":{"type":"Point","coordinates":[-15.51125,13.8993]},"properties":{"name":"Grand Bao Bôlon","kind":"river"}},{"type":"Feature","geometry":{"type":"Point","coordinates":[-15.47433,13.92393]},"properties":{"name":"Grand Bao Bôlon","kind":"river"}},{"type":"Feature","geometry":{"type":"Point","coordinates":[-15.48014,13.92307]},"properties":{"name":"Grand Bao Bôlon","kind":"river"}},{"type":"Feature","geometry":{"type":"Point","coordinates":[-15.48595,13.92427]},"properties":{"name":"Grand Bao Bôlon","kind":"river"}},{"type":"Feature","geometry":{"type":"Point","coordinates":[-15.42129,12.09712]},"properties":{"name":"","kind":"river"}},{"type":"Feature","geometry":{"type":"Point","coordinates":[-15.42071,12.12802]},"properties":{"name":"","kind":"river"}},{"type":"Feature","geometry":{"type":"Point","coordinates":[-15.20655,16.55072]},"properties":{"name":"","kind":"river"}},{"type":"Feature","geometry":{"type":"Point","coordinates":[-16.66821,12.97579]},"properties":{"name":"","kind":"river"}},{"type":"Feature","geometry":{"type":"Point","coordinates":[-16.25672,13.0775]},"properties":{"name":"","kind":"river"}},{"type":"Feature","geometry":{"type":"Point","coordinates":[-16.0993,13.58515]},"properties":{"name":"","kind":"river"}},{"type":"Feature","geometry":{"type":"Point","coordinates":[-16.09663,13.59632]},"properties":{"name":"","kind":"river"}},{"type":"Feature","geometry":{"type":"Point","coordinates":[-16.09564,13.59765]},"properties":{"name":"","kind":"river"}},{"type":"Feature","geometry":{"type":"Point","coordinates":[-16.09355,13.59511]},"properties":{"name":"","kind":"river"}},{"type":"Feature","geometry":{"type":"Point","coordinates":[-16.09428,13.59408]},"properties":{"name":"","kind":"river"}},{"type":"Feature","geometry":{"type":"Point","coordinates":[-16.61003,12.82838]},"properties":{"name":"","kind":"river"}},{"type":"Feature","geometry":{"type":"Point","coordinates":[-16.61427,12.83094]},"properties":{"name":"","kind":"river"}},{"type":"Feature","geometry":{"type":"Point","coordinates":[-16.61976,12.83193]},"properties":{"name":"","kind":"river"}},{"type":"Feature","geometry":{"type":"Point","coordinates":[-16.61235,12.82092]},"properties":{"name":"","kind":"river"}},{"type":"Feature","geometry":{"type":"Point","coordinates":[-16.59496,12.80923]},"properties":{"name":"","kind":"river"}},{"type":"Feature","geometry":{"type":"Point","coordinates":[-16.59701,12.81452]},"properties":{"name":"","kind":"river"}},{"type":"Feature","geometry":{"type":"Point","coordinates":[-16.5937,12.8201]},"properties":{"name":"","kind":"river"}},{"type":"Feature","geometry":{"type":"Point","coordinates":[-16.59522,12.82074]},"properties":{"name":"","kind":"river"}},{"type":"Feature","geometry":{"type":"Point","coordinates":[-16.58417,12.84486]},"properties":{"name":"","kind":"river"}},{"type":"Feature","geometry":{"type":"Point","coordinates":[-16.58998,12.85317]},"properties":{"name":"","kind":"river"}},{"type":"Feature","geometry":{"type":"Point","coordinates":[-16.53502,12.78604]},"properties":{"name":"","kind":"river"}},{"type":"Feature","geometry":{"type":"Point","coordinates":[-16.57766,12.90036]},"properties":{"name":"","kind":"river"}},{"type":"Feature","geometry":{"type":"Point","coordinates":[-16.58946,12.87806]},"properties":{"name":"","kind":"river"}},{"type":"Feature","geometry":{"type":"Point","coordinates":[-16.58165,12.88289]},"properties":{"name":"","kind":"river"}},{"type":"Feature","geometry":{"type":"Point","coordinates":[-16.58103,12.87075]},"properties":{"name":"","kind":"river"}},{"type":"Feature","geometry":{"type":"Point","coordinates":[-15.55413,12.5933]},"properties":{"name":"","kind":"river"}},{"type":"Feature","geometry":{"type":"Point","coordinates":[-15.54202,12.59104]},"properties":{"name":"","kind":"river"}},{"type":"Feature","geometry":{"type":"Point","coordinates":[-16.76697,12.77829]},"properties":{"name":"","kind":"river"}},{"type":"Feature","geometry":{"type":"Point","coordinates":[-14.56007,16.69378]},"properties":{"name":"Ngaleg انكالك","kind":"river"}},{"type":"Feature","geometry":{"type":"Point","coordinates":[-14.59137,16.70784]},"properties":{"name":"Ngaleg انكالك","kind":"river"}},{"type":"Feature","geometry":{"type":"Point","coordinates":[-15.69081,11.99382]},"properties":{"name":"","kind":"river"}},{"type":"Feature","geometry":{"type":"Point","coordinates":[-15.50126,12.03925]},"properties":{"name":"","kind":"river"}},{"type":"Feature","geometry":{"type":"Point","coordinates":[-16.20765,13.96966]},"properties":{"name":"","kind":"river"}},{"type":"Feature","geometry":{"type":"Point","coordinates":[-16.14564,13.64742]},"properties":{"name":"","kind":"river"}},{"type":"Feature","geometry":{"type":"Point","coordinates":[-16.41745,13.21438]},"properties":{"name":"","kind":"river"}},{"type":"Feature","geometry":{"type":"Point","coordinates":[-17.01668,14.8608]},"properties":{"name":"Bassin de Fouloum","kind":"water"}},{"type":"Feature","geometry":{"type":"Point","coordinates":[-16.97278,14.93467]},"properties":{"name":"Bassin de Sambaye Karang","kind":"water"}},{"type":"Feature","geometry":{"type":"Point","coordinates":[-17.00883,14.8995]},"properties":{"name":"Bassin Quality Fruits","kind":"water"}},{"type":"Feature","geometry":{"type":"Point","coordinates":[-17.00154,14.89231]},"properties":{"name":"Bassin de Quality Fruits","kind":"water"}},{"type":"Feature","geometry":{"type":"Point","coordinates":[-17.01705,14.88273]},"properties":{"name":"Bassin de quality fruits","kind":"water"}},{"type":"Feature","geometry":{"type":"Point","coordinates":[-16.39963,14.42331]},"properties":{"name":"Ndoss","kind":"water"}},{"type":"Feature","geometry":{"type":"Point","coordinates":[-14.98219,16.57663]},"properties":{"name":"","kind":"river"}},{"type":"Feature","geometry":{"type":"Point","coordinates":[-16.36171,14.14284]},"properties":{"name":"Diombos","kind":"river"}},{"type":"Feature","geometry":{"type":"Point","coordinates":[-16.34777,13.21301]},"properties":{"name":"","kind":"river"}},{"type":"Feature","geometry":{"type":"Point","coordinates":[-16.45082,12.23094]},"properties":{"name":"","kind":"river"}},{"type":"Feature","geometry":{"type":"Point","coordinates":[-16.44717,12.22739]},"properties":{"name":"","kind":"river"}},{"type":"Feature","geometry":{"type":"Point","coordinates":[-16.43924,12.23543]},"properties":{"name":"","kind":"river"}},{"type":"Feature","geometry":{"type":"Point","coordinates":[-16.43214,12.23279]},"properties":{"name":"","kind":"river"}},{"type":"Feature","geometry":{"type":"Point","coordinates":[-16.40227,12.25077]},"properties":{"name":"","kind":"river"}},{"type":"Feature","geometry":{"type":"Point","coordinates":[-16.38712,12.24245]},"properties":{"name":"","kind":"river"}},{"type":"Feature","geometry":{"type":"Point","coordinates":[-16.39786,12.23922]},"properties":{"name":"","kind":"river"}},{"type":"Feature","geometry":{"type":"Point","coordinates":[-16.39458,12.24001]},"properties":{"name":"","kind":"river"}},{"type":"Feature","geometry":{"type":"Point","coordinates":[-16.40159,12.23234]},"properties":{"name":"","kind":"river"}},{"type":"Feature","geometry":{"type":"Point","coordinates":[-16.36027,12.30241]},"properties":{"name":"","kind":"river"}},{"type":"Feature","geometry":{"type":"Point","coordinates":[-16.3605,12.30186]},"properties":{"name":"","kind":"river"}},{"type":"Feature","geometry":{"type":"Point","coordinates":[-16.36156,12.30127]},"properties":{"name":"","kind":"river"}},{"type":"Feature","geometry":{"type":"Point","coordinates":[-16.35598,12.29713]},"properties":{"name":"","kind":"river"}},{"type":"Feature","geometry":{"type":"Point","coordinates":[-16.35461,12.29316]},"properties":{"name":"","kind":"river"}},{"type":"Feature","geometry":{"type":"Point","coordinates":[-16.35413,12.29148]},"properties":{"name":"","kind":"river"}},{"type":"Feature","geometry":{"type":"Point","coordinates":[-16.35026,12.28938]},"properties":{"name":"","kind":"river"}},{"type":"Feature","geometry":{"type":"Point","coordinates":[-16.3519,12.29149]},"properties":{"name":"","kind":"river"}},{"type":"Feature","geometry":{"type":"Point","coordinates":[-16.35246,12.28918]},"properties":{"name":"","kind":"river"}},{"type":"Feature","geometry":{"type":"Point","coordinates":[-16.37044,12.29725]},"properties":{"name":"","kind":"river"}},{"type":"Feature","geometry":{"type":"Point","coordinates":[-16.37319,12.29728]},"properties":{"name":"","kind":"river"}},{"type":"Feature","geometry":{"type":"Point","coordinates":[-16.37464,12.29218]},"properties":{"name":"","kind":"river"}},{"type":"Feature","geometry":{"type":"Point","coordinates":[-16.3733,12.2852]},"properties":{"name":"","kind":"river"}},{"type":"Feature","geometry":{"type":"Point","coordinates":[-16.37427,12.28611]},"properties":{"name":"","kind":"river"}},{"type":"Feature","geometry":{"type":"Point","coordinates":[-16.36316,12.23575]},"properties":{"name":"","kind":"river"}},{"type":"Feature","geometry":{"type":"Point","coordinates":[-16.35698,12.24526]},"properties":{"name":"","kind":"river"}},{"type":"Feature","geometry":{"type":"Point","coordinates":[-16.35597,12.24076]},"properties":{"name":"","kind":"river"}},{"type":"Feature","geometry":{"type":"Point","coordinates":[-16.35755,12.24133]},"properties":{"name":"","kind":"river"}},{"type":"Feature","geometry":{"type":"Point","coordinates":[-16.35643,12.23258]},"properties":{"name":"","kind":"river"}},{"type":"Feature","geometry":{"type":"Point","coordinates":[-16.35457,12.23204]},"properties":{"name":"","kind":"river"}},{"type":"Feature","geometry":{"type":"Point","coordinates":[-16.35405,12.25218]},"properties":{"name":"","kind":"river"}},{"type":"Feature","geometry":{"type":"Point","coordinates":[-16.34246,12.25196]},"properties":{"name":"","kind":"river"}},{"type":"Feature","geometry":{"type":"Point","coordinates":[-16.34237,12.25362]},"properties":{"name":"","kind":"river"}},{"type":"Feature","geometry":{"type":"Point","coordinates":[-16.3418,12.25222]},"properties":{"name":"","kind":"river"}},{"type":"Feature","geometry":{"type":"Point","coordinates":[-16.34317,12.25797]},"properties":{"name":"","kind":"river"}},{"type":"Feature","geometry":{"type":"Point","coordinates":[-16.33477,12.25934]},"properties":{"name":"","kind":"river"}},{"type":"Feature","geometry":{"type":"Point","coordinates":[-16.34226,12.21917]},"properties":{"name":"","kind":"river"}},{"type":"Feature","geometry":{"type":"Point","coordinates":[-16.3426,12.21182]},"properties":{"name":"","kind":"river"}},{"type":"Feature","geometry":{"type":"Point","coordinates":[-16.34494,12.20766]},"properties":{"name":"","kind":"river"}},{"type":"Feature","geometry":{"type":"Point","coordinates":[-16.33866,12.20459]},"properties":{"name":"","kind":"river"}},{"type":"Feature","geometry":{"type":"Point","coordinates":[-16.33944,12.20296]},"properties":{"name":"","kind":"river"}},{"type":"Feature","geometry":{"type":"Point","coordinates":[-16.34735,12.20242]},"properties":{"name":"","kind":"river"}},{"type":"Feature","geometry":{"type":"Point","coordinates":[-16.34794,12.19893]},"properties":{"name":"","kind":"river"}},{"type":"Feature","geometry":{"type":"Point","coordinates":[-16.35854,12.20275]},"properties":{"name":"","kind":"river"}},{"type":"Feature","geometry":{"type":"Point","coordinates":[-16.36258,12.20824]},"properties":{"name":"","kind":"river"}},{"type":"Feature","geometry":{"type":"Point","coordinates":[-16.36227,12.20677]},"properties":{"name":"","kind":"river"}},{"type":"Feature","geometry":{"type":"Point","coordinates":[-16.36816,12.20695]},"properties":{"name":"","kind":"river"}},{"type":"Feature","geometry":{"type":"Point","coordinates":[-16.36879,12.20599]},"properties":{"name":"","kind":"river"}},{"type":"Feature","geometry":{"type":"Point","coordinates":[-16.36608,12.21247]},"properties":{"name":"","kind":"river"}},{"type":"Feature","geometry":{"type":"Point","coordinates":[-16.36227,12.21355]},"properties":{"name":"","kind":"river"}},{"type":"Feature","geometry":{"type":"Point","coordinates":[-16.35933,12.22063]},"properties":{"name":"","kind":"river"}},{"type":"Feature","geometry":{"type":"Point","coordinates":[-16.3546,12.2257]},"properties":{"name":"","kind":"river"}},{"type":"Feature","geometry":{"type":"Point","coordinates":[-16.35161,12.22956]},"properties":{"name":"","kind":"river"}},{"type":"Feature","geometry":{"type":"Point","coordinates":[-16.38067,12.22051]},"properties":{"name":"","kind":"river"}},{"type":"Feature","geometry":{"type":"Point","coordinates":[-16.37736,12.22456]},"properties":{"name":"","kind":"river"}},{"type":"Feature","geometry":{"type":"Point","coordinates":[-16.38568,12.21932]},"properties":{"name":"","kind":"river"}},{"type":"Feature","geometry":{"type":"Point","coordinates":[-16.38617,12.22402]},"properties":{"name":"","kind":"river"}},{"type":"Feature","geometry":{"type":"Point","coordinates":[-16.38326,12.22953]},"properties":{"name":"","kind":"river"}},{"type":"Feature","geometry":{"type":"Point","coordinates":[-16.38115,12.23694]},"properties":{"name":"","kind":"river"}},{"type":"Feature","geometry":{"type":"Point","coordinates":[-16.40812,12.23582]},"properties":{"name":"","kind":"river"}},{"type":"Feature","geometry":{"type":"Point","coordinates":[-16.41332,12.2479]},"properties":{"name":"","kind":"river"}},{"type":"Feature","geometry":{"type":"Point","coordinates":[-16.40736,12.24541]},"properties":{"name":"","kind":"river"}},{"type":"Feature","geometry":{"type":"Point","coordinates":[-16.40265,12.24589]},"properties":{"name":"","kind":"river"}},{"type":"Feature","geometry":{"type":"Point","coordinates":[-16.40363,12.24227]},"properties":{"name":"","kind":"river"}},{"type":"Feature","geometry":{"type":"Point","coordinates":[-16.40322,12.23975]},"properties":{"name":"","kind":"river"}},{"type":"Feature","geometry":{"type":"Point","coordinates":[-16.40931,12.24795]},"properties":{"name":"","kind":"river"}},{"type":"Feature","geometry":{"type":"Point","coordinates":[-16.40994,12.25145]},"properties":{"name":"","kind":"river"}},{"type":"Feature","geometry":{"type":"Point","coordinates":[-16.41522,12.24448]},"properties":{"name":"","kind":"river"}},{"type":"Feature","geometry":{"type":"Point","coordinates":[-16.40774,12.22354]},"properties":{"name":"","kind":"river"}},{"type":"Feature","geometry":{"type":"Point","coordinates":[-16.40425,12.22894]},"properties":{"name":"","kind":"river"}},{"type":"Feature","geometry":{"type":"Point","coordinates":[-16.40202,12.23039]},"properties":{"name":"","kind":"river"}},{"type":"Feature","geometry":{"type":"Point","coordinates":[-16.40241,12.22908]},"properties":{"name":"","kind":"river"}},{"type":"Feature","geometry":{"type":"Point","coordinates":[-16.40354,12.22951]},"properties":{"name":"","kind":"river"}},{"type":"Feature","geometry":{"type":"Point","coordinates":[-16.40536,12.22576]},"properties":{"name":"","kind":"river"}},{"type":"Feature","geometry":{"type":"Point","coordinates":[-16.40768,12.22431]},"properties":{"name":"","kind":"river"}},{"type":"Feature","geometry":{"type":"Point","coordinates":[-16.41071,12.22596]},"properties":{"name":"","kind":"river"}},{"type":"Feature","geometry":{"type":"Point","coordinates":[-16.40852,12.22742]},"properties":{"name":"","kind":"river"}},{"type":"Feature","geometry":{"type":"Point","coordinates":[-16.40641,12.22153]},"properties":{"name":"","kind":"river"}},{"type":"Feature","geometry":{"type":"Point","coordinates":[-16.40761,12.2198]},"properties":{"name":"","kind":"river"}},{"type":"Feature","geometry":{"type":"Point","coordinates":[-16.41642,12.22072]},"properties":{"name":"","kind":"river"}},{"type":"Feature","geometry":{"type":"Point","coordinates":[-16.42586,12.21907]},"properties":{"name":"","kind":"river"}},{"type":"Feature","geometry":{"type":"Point","coordinates":[-16.42156,12.21987]},"properties":{"name":"","kind":"river"}},{"type":"Feature","geometry":{"type":"Point","coordinates":[-16.42235,12.22586]},"properties":{"name":"","kind":"river"}},{"type":"Feature","geometry":{"type":"Point","coordinates":[-16.42555,12.22676]},"properties":{"name":"","kind":"river"}},{"type":"Feature","geometry":{"type":"Point","coordinates":[-16.41645,12.22005]},"properties":{"name":"","kind":"river"}},{"type":"Feature","geometry":{"type":"Point","coordinates":[-16.42363,12.22249]},"properties":{"name":"","kind":"river"}},{"type":"Feature","geometry":{"type":"Point","coordinates":[-16.4245,12.22096]},"properties":{"name":"","kind":"river"}},{"type":"Feature","geometry":{"type":"Point","coordinates":[-16.42198,12.21719]},"properties":{"name":"","kind":"river"}},{"type":"Feature","geometry":{"type":"Point","coordinates":[-16.42172,12.21802]},"properties":{"name":"","kind":"river"}},{"type":"Feature","geometry":{"type":"Point","coordinates":[-16.41532,12.21781]},"properties":{"name":"","kind":"river"}},{"type":"Feature","geometry":{"type":"Point","coordinates":[-16.41451,12.217]},"properties":{"name":"","kind":"river"}},{"type":"Feature","geometry":{"type":"Point","coordinates":[-16.4122,12.22411]},"properties":{"name":"","kind":"river"}},{"type":"Feature","geometry":{"type":"Point","coordinates":[-16.3181,12.2705]},"properties":{"name":"","kind":"river"}},{"type":"Feature","geometry":{"type":"Point","coordinates":[-16.32618,12.26365]},"properties":{"name":"","kind":"river"}},{"type":"Feature","geometry":{"type":"Point","coordinates":[-16.34609,12.28744]},"properties":{"name":"","kind":"river"}},{"type":"Feature","geometry":{"type":"Point","coordinates":[-16.4003,12.28031]},"properties":{"name":"","kind":"river"}},{"type":"Feature","geometry":{"type":"Point","coordinates":[-16.40316,12.28693]},"properties":{"name":"","kind":"river"}},{"type":"Feature","geometry":{"type":"Point","coordinates":[-16.40157,12.29148]},"properties":{"name":"","kind":"river"}},{"type":"Feature","geometry":{"type":"Point","coordinates":[-16.40988,12.27814]},"properties":{"name":"","kind":"river"}},{"type":"Feature","geometry":{"type":"Point","coordinates":[-16.39113,12.2749]},"properties":{"name":"","kind":"river"}},{"type":"Feature","geometry":{"type":"Point","coordinates":[-16.38774,12.27602]},"properties":{"name":"","kind":"river"}},{"type":"Feature","geometry":{"type":"Point","coordinates":[-16.38891,12.27884]},"properties":{"name":"","kind":"river"}},{"type":"Feature","geometry":{"type":"Point","coordinates":[-16.43943,12.30889]},"properties":{"name":"","kind":"river"}},{"type":"Feature","geometry":{"type":"Point","coordinates":[-16.43775,12.30899]},"properties":{"name":"","kind":"river"}},{"type":"Feature","geometry":{"type":"Point","coordinates":[-16.4512,12.30652]},"properties":{"name":"","kind":"river"}},{"type":"Feature","geometry":{"type":"Point","coordinates":[-16.44704,12.32224]},"properties":{"name":"","kind":"river"}},{"type":"Feature","geometry":{"type":"Point","coordinates":[-16.45175,12.35195]},"properties":{"name":"","kind":"river"}},{"type":"Feature","geometry":{"type":"Point","coordinates":[-16.45319,12.35892]},"properties":{"name":"","kind":"river"}},{"type":"Feature","geometry":{"type":"Point","coordinates":[-16.45733,12.35659]},"properties":{"name":"","kind":"river"}},{"type":"Feature","geometry":{"type":"Point","coordinates":[-16.44568,12.35354]},"properties":{"name":"","kind":"river"}},{"type":"Feature","geometry":{"type":"Point","coordinates":[-16.44738,12.33737]},"properties":{"name":"","kind":"river"}},{"type":"Feature","geometry":{"type":"Point","coordinates":[-16.4505,12.332]},"properties":{"name":"","kind":"river"}},{"type":"Feature","geometry":{"type":"Point","coordinates":[-16.41224,12.2956]},"properties":{"name":"","kind":"river"}},{"type":"Feature","geometry":{"type":"Point","coordinates":[-16.40957,12.29442]},"properties":{"name":"","kind":"river"}},{"type":"Feature","geometry":{"type":"Point","coordinates":[-16.42649,12.2738]},"properties":{"name":"","kind":"river"}},{"type":"Feature","geometry":{"type":"Point","coordinates":[-16.4257,12.27565]},"properties":{"name":"","kind":"river"}},{"type":"Feature","geometry":{"type":"Point","coordinates":[-16.41639,12.28574]},"properties":{"name":"","kind":"river"}},{"type":"Feature","geometry":{"type":"Point","coordinates":[-16.43102,12.26368]},"properties":{"name":"","kind":"river"}},{"type":"Feature","geometry":{"type":"Point","coordinates":[-16.43403,12.26346]},"properties":{"name":"","kind":"river"}},{"type":"Feature","geometry":{"type":"Point","coordinates":[-16.42215,12.26494]},"properties":{"name":"","kind":"river"}},{"type":"Feature","geometry":{"type":"Point","coordinates":[-16.38941,12.31085]},"properties":{"name":"","kind":"river"}},{"type":"Feature","geometry":{"type":"Point","coordinates":[-16.39836,12.31211]},"properties":{"name":"","kind":"river"}},{"type":"Feature","geometry":{"type":"Point","coordinates":[-16.39653,12.29873]},"properties":{"name":"","kind":"river"}},{"type":"Feature","geometry":{"type":"Point","coordinates":[-16.39881,12.29746]},"properties":{"name":"","kind":"river"}},{"type":"Feature","geometry":{"type":"Point","coordinates":[-16.34478,12.29559]},"properties":{"name":"","kind":"river"}},{"type":"Feature","geometry":{"type":"Point","coordinates":[-16.38745,12.27791]},"properties":{"name":"","kind":"river"}},{"type":"Feature","geometry":{"type":"Point","coordinates":[-16.38544,12.28189]},"properties":{"name":"","kind":"river"}},{"type":"Feature","geometry":{"type":"Point","coordinates":[-16.36964,12.27767]},"properties":{"name":"","kind":"river"}},{"type":"Feature","geometry":{"type":"Point","coordinates":[-16.36702,12.27541]},"properties":{"name":"","kind":"river"}},{"type":"Feature","geometry":{"type":"Point","coordinates":[-16.37328,12.2632]},"properties":{"name":"","kind":"river"}},{"type":"Feature","geometry":{"type":"Point","coordinates":[-16.38877,12.26485]},"properties":{"name":"","kind":"river"}},{"type":"Feature","geometry":{"type":"Point","coordinates":[-16.39216,12.26022]},"properties":{"name":"","kind":"river"}},{"type":"Feature","geometry":{"type":"Point","coordinates":[-16.38195,12.25853]},"properties":{"name":"","kind":"river"}},{"type":"Feature","geometry":{"type":"Point","coordinates":[-16.3837,12.25884]},"properties":{"name":"","kind":"river"}},{"type":"Feature","geometry":{"type":"Point","coordinates":[-16.38558,12.2522]},"properties":{"name":"","kind":"river"}},{"type":"Feature","geometry":{"type":"Point","coordinates":[-16.38543,12.25332]},"properties":{"name":"","kind":"river"}},{"type":"Feature","geometry":{"type":"Point","coordinates":[-16.37787,12.25331]},"properties":{"name":"","kind":"river"}},{"type":"Feature","geometry":{"type":"Point","coordinates":[-16.3772,12.25236]},"properties":{"name":"","kind":"river"}},{"type":"Feature","geometry":{"type":"Point","coordinates":[-16.37751,12.25169]},"properties":{"name":"","kind":"river"}},{"type":"Feature","geometry":{"type":"Point","coordinates":[-16.37892,12.253]},"properties":{"name":"","kind":"river"}},{"type":"Feature","geometry":{"type":"Point","coordinates":[-16.38588,12.24964]},"properties":{"name":"","kind":"river"}},{"type":"Feature","geometry":{"type":"Point","coordinates":[-16.38524,12.24955]},"properties":{"name":"","kind":"river"}},{"type":"Feature","geometry":{"type":"Point","coordinates":[-16.38992,12.25739]},"properties":{"name":"","kind":"river"}},{"type":"Feature","geometry":{"type":"Point","coordinates":[-16.39102,12.27114]},"properties":{"name":"","kind":"river"}},{"type":"Feature","geometry":{"type":"Point","coordinates":[-16.39073,12.27184]},"properties":{"name":"","kind":"river"}},{"type":"Feature","geometry":{"type":"Point","coordinates":[-16.38225,12.26518]},"properties":{"name":"","kind":"river"}},{"type":"Feature","geometry":{"type":"Point","coordinates":[-16.46567,12.28103]},"properties":{"name":"","kind":"river"}},{"type":"Feature","geometry":{"type":"Point","coordinates":[-16.45366,12.2932]},"properties":{"name":"","kind":"river"}},{"type":"Feature","geometry":{"type":"Point","coordinates":[-16.45202,12.28668]},"properties":{"name":"","kind":"river"}},{"type":"Feature","geometry":{"type":"Point","coordinates":[-16.46086,12.28311]},"properties":{"name":"","kind":"river"}},{"type":"Feature","geometry":{"type":"Point","coordinates":[-16.46772,12.27593]},"properties":{"name":"","kind":"river"}},{"type":"Feature","geometry":{"type":"Point","coordinates":[-16.44923,12.27933]},"properties":{"name":"","kind":"river"}},{"type":"Feature","geometry":{"type":"Point","coordinates":[-16.45981,12.26639]},"properties":{"name":"","kind":"river"}},{"type":"Feature","geometry":{"type":"Point","coordinates":[-17.1839,14.68289]},"properties":{"name":"","kind":"river"}},{"type":"Feature","geometry":{"type":"Point","coordinates":[-17.18109,14.68261]},"properties":{"name":"","kind":"river"}},{"type":"Feature","geometry":{"type":"Point","coordinates":[-14.51771,16.6397]},"properties":{"name":"","kind":"river"}},{"type":"Feature","geometry":{"type":"Point","coordinates":[-14.51211,16.65399]},"properties":{"name":"","kind":"river"}},{"type":"Feature","geometry":{"type":"Point","coordinates":[-14.51222,16.65381]},"properties":{"name":"","kind":"river"}},{"type":"Feature","geometry":{"type":"Point","coordinates":[-14.51249,16.65424]},"properties":{"name":"","kind":"river"}},{"type":"Feature","geometry":{"type":"Point","coordinates":[-14.5125,16.65398]},"properties":{"name":"","kind":"river"}},{"type":"Feature","geometry":{"type":"Point","coordinates":[-15.00959,12.49911]},"properties":{"name":"","kind":"river"}},{"type":"Feature","geometry":{"type":"Point","coordinates":[-16.73696,13.41927]},"properties":{"name":"","kind":"river"}},{"type":"Feature","geometry":{"type":"Point","coordinates":[-16.7376,13.41981]},"properties":{"name":"","kind":"river"}},{"type":"Feature","geometry":{"type":"Point","coordinates":[-16.71779,13.99996]},"properties":{"name":"Marigot de Djilor","kind":"river"}},{"type":"Feature","geometry":{"type":"Point","coordinates":[-14.86834,13.66481]},"properties":{"name":"Pallan Bolon","kind":"river"}},{"type":"Feature","geometry":{"type":"Point","coordinates":[-16.63076,13.42826]},"properties":{"name":"","kind":"river"}},{"type":"Feature","geometry":{"type":"Point","coordinates":[-16.64296,13.43174]},"properties":{"name":"","kind":"river"}},{"type":"Feature","geometry":{"type":"Point","coordinates":[-16.64862,13.42105]},"properties":{"name":"","kind":"river"}},{"type":"Feature","geometry":{"type":"Point","coordinates":[-16.65207,13.42414]},"properties":{"name":"","kind":"river"}},{"type":"Feature","geometry":{"type":"Point","coordinates":[-16.64827,13.42503]},"properties":{"name":"","kind":"river"}},{"type":"Feature","geometry":{"type":"Point","coordinates":[-16.7972,13.36268]},"properties":{"name":"Tanji","kind":"river"}},{"type":"Feature","geometry":{"type":"Point","coordinates":[-15.74619,16.49883]},"properties":{"name":"","kind":"river"}},{"type":"Feature","geometry":{"type":"Point","coordinates":[-15.71549,16.50548]},"properties":{"name":"","kind":"river"}},{"type":"Feature","geometry":{"type":"Point","coordinates":[-15.72732,16.5022]},"properties":{"name":"","kind":"river"}},{"type":"Feature","geometry":{"type":"Point","coordinates":[-15.70263,16.51177]},"properties":{"name":"","kind":"river"}},{"type":"Feature","geometry":{"type":"Point","coordinates":[-15.69532,16.51875]},"properties":{"name":"","kind":"river"}},{"type":"Feature","geometry":{"type":"Point","coordinates":[-15.69833,16.51844]},"properties":{"name":"","kind":"river"}},{"type":"Feature","geometry":{"type":"Point","coordinates":[-15.6819,16.52897]},"properties":{"name":"","kind":"river"}},{"type":"Feature","geometry":{"type":"Point","coordinates":[-15.69841,16.5079]},"properties":{"name":"","kind":"river"}},{"type":"Feature","geometry":{"type":"Point","coordinates":[-15.6953,16.50426]},"properties":{"name":"","kind":"river"}},{"type":"Feature","geometry":{"type":"Point","coordinates":[-16.79646,13.3629]},"properties":{"name":"Tanji","kind":"river"}},{"type":"Feature","geometry":{"type":"Point","coordinates":[-16.79698,13.36375]},"properties":{"name":"Tanji","kind":"river"}},{"type":"Feature","geometry":{"type":"Point","coordinates":[-16.29162,13.30561]},"properties":{"name":"Dayama Bolon","kind":"river"}},{"type":"Feature","geometry":{"type":"Point","coordinates":[-16.31966,13.40346]},"properties":{"name":"Sami Bolon","kind":"river"}},{"type":"Feature","geometry":{"type":"Point","coordinates":[-16.27147,13.29297]},"properties":{"name":"","kind":"river"}},{"type":"Feature","geometry":{"type":"Point","coordinates":[-16.22551,13.2861]},"properties":{"name":"Burameh Bolon","kind":"river"}},{"type":"Feature","geometry":{"type":"Point","coordinates":[-16.24877,13.29909]},"properties":{"name":"","kind":"river"}},{"type":"Feature","geometry":{"type":"Point","coordinates":[-16.21123,13.23338]},"properties":{"name":"Kassang Bolon","kind":"river"}},{"type":"Feature","geometry":{"type":"Point","coordinates":[-16.23164,13.21319]},"properties":{"name":"Kassang Bolon","kind":"river"}},{"type":"Feature","geometry":{"type":"Point","coordinates":[-16.22766,13.21613]},"properties":{"name":"Kassang Bolon","kind":"river"}},{"type":"Feature","geometry":{"type":"Point","coordinates":[-15.57704,13.23193]},"properties":{"name":"Bitang Boloŋ","kind":"river"}},{"type":"Feature","geometry":{"type":"Point","coordinates":[-15.58325,13.2364]},"properties":{"name":"Bitang Boloŋ","kind":"river"}},{"type":"Feature","geometry":{"type":"Point","coordinates":[-16.149,13.24543]},"properties":{"name":"Jurkngkumau Bolon","kind":"river"}},{"type":"Feature","geometry":{"type":"Point","coordinates":[-16.19336,13.2877]},"properties":{"name":"Jula Bolon","kind":"river"}},{"type":"Feature","geometry":{"type":"Point","coordinates":[-16.22047,13.46066]},"properties":{"name":"Juruuku Bolon","kind":"river"}},{"type":"Feature","geometry":{"type":"Point","coordinates":[-16.24108,13.52256]},"properties":{"name":"Juruuku Bolon","kind":"river"}},{"type":"Feature","geometry":{"type":"Point","coordinates":[-16.23939,13.52068]},"properties":{"name":"Juruuku Bolon","kind":"river"}},{"type":"Feature","geometry":{"type":"Point","coordinates":[-16.18962,13.37507]},"properties":{"name":"Janneh Kunda Bolon","kind":"river"}},{"type":"Feature","geometry":{"type":"Point","coordinates":[-16.19685,13.44978]},"properties":{"name":"Tabireneh Bolon","kind":"river"}},{"type":"Feature","geometry":{"type":"Point","coordinates":[-16.22035,13.48035]},"properties":{"name":"","kind":"river"}},{"type":"Feature","geometry":{"type":"Point","coordinates":[-16.17607,13.46851]},"properties":{"name":"Tambana Bolon","kind":"river"}},{"type":"Feature","geometry":{"type":"Point","coordinates":[-16.03401,13.45711]},"properties":{"name":"Kerewan Bolon","kind":"river"}},{"type":"Feature","geometry":{"type":"Point","coordinates":[-16.06449,13.43838]},"properties":{"name":"","kind":"river"}},{"type":"Feature","geometry":{"type":"Point","coordinates":[-15.99459,13.45023]},"properties":{"name":"","kind":"river"}},{"type":"Feature","geometry":{"type":"Point","coordinates":[-16.08571,13.44404]},"properties":{"name":"Kerewan Bolon","kind":"river"}},{"type":"Feature","geometry":{"type":"Point","coordinates":[-15.96654,13.4544]},"properties":{"name":"Salekini Bolon","kind":"river"}},{"type":"Feature","geometry":{"type":"Point","coordinates":[-16.37566,16.24349]},"properties":{"name":"","kind":"river"}},{"type":"Feature","geometry":{"type":"Point","coordinates":[-16.43749,16.27307]},"properties":{"name":"","kind":"river"}},{"type":"Feature","geometry":{"type":"Point","coordinates":[-16.44344,16.26375]},"properties":{"name":"","kind":"river"}},{"type":"Feature","geometry":{"type":"Point","coordinates":[-15.89073,13.40974]},"properties":{"name":"Nganingkoi Bolon","kind":"river"}},{"type":"Feature","geometry":{"type":"Point","coordinates":[-15.88423,13.45946]},"properties":{"name":"Mandori Bolon","kind":"river"}},{"type":"Feature","geometry":{"type":"Point","coordinates":[-15.60899,16.58487]},"properties":{"name":"","kind":"river"}},{"type":"Feature","geometry":{"type":"Point","coordinates":[-15.42937,16.61383]},"properties":{"name":"","kind":"river"}},{"type":"Feature","geometry":{"type":"Point","coordinates":[-15.3882,16.62551]},"properties":{"name":"","kind":"river"}},{"type":"Feature","geometry":{"type":"Point","coordinates":[-16.19211,16.55205]},"properties":{"name":"","kind":"river"}},{"type":"Feature","geometry":{"type":"Point","coordinates":[-16.18875,16.54924]},"properties":{"name":"","kind":"river"}},{"type":"Feature","geometry":{"type":"Point","coordinates":[-15.3858,16.62073]},"properties":{"name":"","kind":"river"}},{"type":"Feature","geometry":{"type":"Point","coordinates":[-15.38605,16.61896]},"properties":{"name":"","kind":"river"}},{"type":"Feature","geometry":{"type":"Point","coordinates":[-15.47394,16.62796]},"properties":{"name":"","kind":"river"}},{"type":"Feature","geometry":{"type":"Point","coordinates":[-15.47115,16.61108]},"properties":{"name":"","kind":"river"}},{"type":"Feature","geometry":{"type":"Point","coordinates":[-16.47477,16.12409]},"properties":{"name":"","kind":"river"}},{"type":"Feature","geometry":{"type":"Point","coordinates":[-15.84057,16.49219]},"properties":{"name":"","kind":"river"}},{"type":"Feature","geometry":{"type":"Point","coordinates":[-16.44064,16.59817]},"properties":{"name":"","kind":"river"}},{"type":"Feature","geometry":{"type":"Point","coordinates":[-16.01137,16.52312]},"properties":{"name":"","kind":"river"}},{"type":"Feature","geometry":{"type":"Point","coordinates":[-16.02241,16.53182]},"properties":{"name":"","kind":"river"}},{"type":"Feature","geometry":{"type":"Point","coordinates":[-16.43328,16.29076]},"properties":{"name":"","kind":"river"}},{"type":"Feature","geometry":{"type":"Point","coordinates":[-16.44672,16.58976]},"properties":{"name":"","kind":"river"}},{"type":"Feature","geometry":{"type":"Point","coordinates":[-16.41134,16.61453]},"properties":{"name":"","kind":"river"}},{"type":"Feature","geometry":{"type":"Point","coordinates":[-16.40743,16.56938]},"properties":{"name":"","kind":"river"}},{"type":"Feature","geometry":{"type":"Point","coordinates":[-14.54792,16.70497]},"properties":{"name":"","kind":"river"}},{"type":"Feature","geometry":{"type":"Point","coordinates":[-15.25634,16.56561]},"properties":{"name":"Ngalanka","kind":"river"}},{"type":"Feature","geometry":{"type":"Point","coordinates":[-14.63268,16.71493]},"properties":{"name":"","kind":"river"}},{"type":"Feature","geometry":{"type":"Point","coordinates":[-14.86139,16.7481]},"properties":{"name":"","kind":"river"}},{"type":"Feature","geometry":{"type":"Point","coordinates":[-14.52035,16.67824]},"properties":{"name":"Ngaleg انكالك","kind":"river"}},{"type":"Feature","geometry":{"type":"Point","coordinates":[-14.77266,16.70543]},"properties":{"name":"Ngaleg انكالك","kind":"river"}},{"type":"Feature","geometry":{"type":"Point","coordinates":[-14.78906,12.87323]},"properties":{"name":"","kind":"river"}},{"type":"Feature","geometry":{"type":"Point","coordinates":[-15.72575,13.45194]},"properties":{"name":"Ja???uyah Bolon","kind":"river"}},{"type":"Feature","geometry":{"type":"Point","coordinates":[-15.6666,13.50841]},"properties":{"name":"Arrong Bolon","kind":"river"}},{"type":"Feature","geometry":{"type":"Point","coordinates":[-16.73633,13.07614]},"properties":{"name":"","kind":"river"}},{"type":"Feature","geometry":{"type":"Point","coordinates":[-16.73555,13.07999]},"properties":{"name":"","kind":"river"}},{"type":"Feature","geometry":{"type":"Point","coordinates":[-16.74106,13.07945]},"properties":{"name":"","kind":"river"}},{"type":"Feature","geometry":{"type":"Point","coordinates":[-16.341,14.36376]},"properties":{"name":"","kind":"river"}},{"type":"Feature","geometry":{"type":"Point","coordinates":[-16.3113,14.37239]},"properties":{"name":"","kind":"river"}},{"type":"Feature","geometry":{"type":"Point","coordinates":[-17.35332,14.76773]},"properties":{"name":"Zone inondable","kind":"water"}},{"type":"Feature","geometry":{"type":"Point","coordinates":[-17.35189,14.76877]},"properties":{"name":"Zone de rétention d'eau","kind":"water"}},{"type":"Feature","geometry":{"type":"Point","coordinates":[-16.1248,12.38121]},"properties":{"name":"","kind":"river"}},{"type":"Feature","geometry":{"type":"Point","coordinates":[-16.14365,12.32537]},"properties":{"name":"Rio Pequeno de Sao Domingos","kind":"river"}},{"type":"Feature","geometry":{"type":"Point","coordinates":[-16.31762,12.35587]},"properties":{"name":"","kind":"river"}},{"type":"Feature","geometry":{"type":"Point","coordinates":[-15.99447,12.27842]},"properties":{"name":"","kind":"river"}},{"type":"Feature","geometry":{"type":"Point","coordinates":[-16.00551,12.28397]},"properties":{"name":"","kind":"river"}},{"type":"Feature","geometry":{"type":"Point","coordinates":[-15.98746,12.29002]},"properties":{"name":"","kind":"river"}},{"type":"Feature","geometry":{"type":"Point","coordinates":[-15.99369,12.30232]},"properties":{"name":"","kind":"river"}},{"type":"Feature","geometry":{"type":"Point","coordinates":[-16.03242,12.11357]},"properties":{"name":"","kind":"river"}},{"type":"Feature","geometry":{"type":"Point","coordinates":[-16.79795,13.31345]},"properties":{"name":"","kind":"river"}},{"type":"Feature","geometry":{"type":"Point","coordinates":[-16.80195,13.31269]},"properties":{"name":"","kind":"river"}},{"type":"Feature","geometry":{"type":"Point","coordinates":[-16.80097,13.31276]},"properties":{"name":"","kind":"river"}},{"type":"Feature","geometry":{"type":"Point","coordinates":[-15.45977,13.48292]},"properties":{"name":"Pakuba Bolon","kind":"river"}},{"type":"Feature","geometry":{"type":"Point","coordinates":[-15.47717,13.48574]},"properties":{"name":"Pakuba Bolon","kind":"river"}},{"type":"Feature","geometry":{"type":"Point","coordinates":[-16.62271,12.90001]},"properties":{"name":"","kind":"river"}},{"type":"Feature","geometry":{"type":"Point","coordinates":[-16.6236,12.90083]},"properties":{"name":"","kind":"river"}},{"type":"Feature","geometry":{"type":"Point","coordinates":[-16.61881,13.3932]},"properties":{"name":"","kind":"river"}},{"type":"Feature","geometry":{"type":"Point","coordinates":[-16.76518,13.35853]},"properties":{"name":"Tanji","kind":"river"}},{"type":"Feature","geometry":{"type":"Point","coordinates":[-16.52723,13.34795]},"properties":{"name":"Gambia River","kind":"river"}},{"type":"Feature","geometry":{"type":"Point","coordinates":[-16.67983,13.16615]},"properties":{"name":"Allehein River","kind":"river"}},{"type":"Feature","geometry":{"type":"Point","coordinates":[-16.58555,13.32903]},"properties":{"name":"","kind":"river"}},{"type":"Feature","geometry":{"type":"Point","coordinates":[-16.58182,13.33282]},"properties":{"name":"","kind":"river"}},{"type":"Feature","geometry":{"type":"Point","coordinates":[-16.59118,13.30041]},"properties":{"name":"","kind":"river"}},{"type":"Feature","geometry":{"type":"Point","coordinates":[-16.58321,13.31522]},"properties":{"name":"","kind":"river"}},{"type":"Feature","geometry":{"type":"Point","coordinates":[-16.4736,13.32294]},"properties":{"name":"Gambia River","kind":"river"}},{"type":"Feature","geometry":{"type":"Point","coordinates":[-16.39283,13.3059]},"properties":{"name":"Gambia River","kind":"river"}},{"type":"Feature","geometry":{"type":"Point","coordinates":[-16.31543,13.23793]},"properties":{"name":"","kind":"river"}},{"type":"Feature","geometry":{"type":"Point","coordinates":[-16.34058,13.2734]},"properties":{"name":"","kind":"river"}},{"type":"Feature","geometry":{"type":"Point","coordinates":[-16.11831,13.22096]},"properties":{"name":"Jurkngkumau Bolon","kind":"river"}},{"type":"Feature","geometry":{"type":"Point","coordinates":[-16.18712,13.29535]},"properties":{"name":"Bitang Boloŋ","kind":"river"}},{"type":"Feature","geometry":{"type":"Point","coordinates":[-16.11212,13.21051]},"properties":{"name":"Jurkngkumau Bolon","kind":"river"}},{"type":"Feature","geometry":{"type":"Point","coordinates":[-16.04381,13.27284]},"properties":{"name":"Bitang Boloŋ","kind":"river"}},{"type":"Feature","geometry":{"type":"Point","coordinates":[-15.92715,13.27519]},"properties":{"name":"Bitang Boloŋ","kind":"river"}},{"type":"Feature","geometry":{"type":"Point","coordinates":[-16.6334,13.43888]},"properties":{"name":"","kind":"river"}},{"type":"Feature","geometry":{"type":"Point","coordinates":[-16.63161,13.40186]},"properties":{"name":"","kind":"river"}},{"type":"Feature","geometry":{"type":"Point","coordinates":[-16.61681,13.39153]},"properties":{"name":"","kind":"river"}},{"type":"Feature","geometry":{"type":"Point","coordinates":[-16.61598,13.38104]},"properties":{"name":"","kind":"river"}},{"type":"Feature","geometry":{"type":"Point","coordinates":[-15.95149,13.40201]},"properties":{"name":"","kind":"river"}},{"type":"Feature","geometry":{"type":"Point","coordinates":[-15.95034,13.39069]},"properties":{"name":"","kind":"river"}},{"type":"Feature","geometry":{"type":"Point","coordinates":[-16.30877,13.43901]},"properties":{"name":"","kind":"river"}},{"type":"Feature","geometry":{"type":"Point","coordinates":[-16.77381,13.36029]},"properties":{"name":"Tanji","kind":"river"}},{"type":"Feature","geometry":{"type":"Point","coordinates":[-15.6944,16.2036]},"properties":{"name":"","kind":"well"}},{"type":"Feature","geometry":{"type":"Point","coordinates":[-15.6844,16.25719]},"properties":{"name":"","kind":"well"}},{"type":"Feature","geometry":{"type":"Point","coordinates":[-15.70952,16.27158]},"properties":{"name":"","kind":"well"}},{"type":"Feature","geometry":{"type":"Point","coordinates":[-16.21981,14.8956]},"properties":{"name":"Puit de Kebe","kind":"well"}},{"type":"Feature","geometry":{"type":"Point","coordinates":[-17.46937,14.76094]},"properties":{"name":"","kind":"well"}},{"type":"Feature","geometry":{"type":"Point","coordinates":[-16.92797,14.79282]},"properties":{"name":"Forage F1","kind":"spring"}},{"type":"Feature","geometry":{"type":"Point","coordinates":[-16.25947,12.57023]},"properties":{"name":"Puits","kind":"well"}},{"type":"Feature","geometry":{"type":"Point","coordinates":[-16.25223,12.5653]},"properties":{"name":"","kind":"well"}},{"type":"Feature","geometry":{"type":"Point","coordinates":[-16.25281,12.56509]},"properties":{"name":"","kind":"well"}},{"type":"Feature","geometry":{"type":"Point","coordinates":[-16.26586,12.57127]},"properties":{"name":"Puits","kind":"well"}},{"type":"Feature","geometry":{"type":"Point","coordinates":[-16.11328,15.63861]},"properties":{"name":"","kind":"well"}},{"type":"Feature","geometry":{"type":"Point","coordinates":[-15.87071,13.3022]},"properties":{"name":"pump","kind":"well"}},{"type":"Feature","geometry":{"type":"Point","coordinates":[-16.0063,14.34168]},"properties":{"name":"","kind":"well"}},{"type":"Feature","geometry":{"type":"Point","coordinates":[-17.1509,14.60496]},"properties":{"name":"","kind":"well"}},{"type":"Feature","geometry":{"type":"Point","coordinates":[-16.40241,14.48196]},"properties":{"name":"","kind":"well"}},{"type":"Feature","geometry":{"type":"Point","coordinates":[-16.40713,14.47003]},"properties":{"name":"","kind":"well"}},{"type":"Feature","geometry":{"type":"Point","coordinates":[-16.34573,13.8722]},"properties":{"name":"","kind":"well"}},{"type":"Feature","geometry":{"type":"Point","coordinates":[-16.34574,13.87355]},"properties":{"name":"","kind":"well"}},{"type":"Feature","geometry":{"type":"Point","coordinates":[-16.348,13.86997]},"properties":{"name":"","kind":"well"}},{"type":"Feature","geometry":{"type":"Point","coordinates":[-16.34671,13.87197]},"properties":{"name":"","kind":"well"}},{"type":"Feature","geometry":{"type":"Point","coordinates":[-16.75508,13.18754]},"properties":{"name":"","kind":"well"}},{"type":"Feature","geometry":{"type":"Point","coordinates":[-16.66125,14.19767]},"properties":{"name":"","kind":"well"}},{"type":"Feature","geometry":{"type":"Point","coordinates":[-16.33909,12.49591]},"properties":{"name":"","kind":"well"}},{"type":"Feature","geometry":{"type":"Point","coordinates":[-16.3812,12.5023]},"properties":{"name":"","kind":"well"}},{"type":"Feature","geometry":{"type":"Point","coordinates":[-17.0916,14.60684]},"properties":{"name":"","kind":"well"}},{"type":"Feature","geometry":{"type":"Point","coordinates":[-17.092,14.61091]},"properties":{"name":"","kind":"well"}},{"type":"Feature","geometry":{"type":"Point","coordinates":[-17.10246,14.62489]},"properties":{"name":"","kind":"well"}},{"type":"Feature","geometry":{"type":"Point","coordinates":[-17.10496,14.62621]},"properties":{"name":"","kind":"well"}},{"type":"Feature","geometry":{"type":"Point","coordinates":[-17.10336,14.62628]},"properties":{"name":"","kind":"well"}},{"type":"Feature","geometry":{"type":"Point","coordinates":[-17.10333,14.62685]},"properties":{"name":"","kind":"well"}},{"type":"Feature","geometry":{"type":"Point","coordinates":[-17.10331,14.62708]},"properties":{"name":"","kind":"well"}},{"type":"Feature","geometry":{"type":"Point","coordinates":[-17.08594,14.64007]},"properties":{"name":"","kind":"well"}},{"type":"Feature","geometry":{"type":"Point","coordinates":[-17.08234,14.64527]},"properties":{"name":"","kind":"well"}},{"type":"Feature","geometry":{"type":"Point","coordinates":[-16.95797,14.42473]},"properties":{"name":"PUITS PA SOUARE","kind":"well"}},{"type":"Feature","geometry":{"type":"Point","coordinates":[-17.32797,14.73258]},"properties":{"name":"","kind":"well"}},{"type":"Feature","geometry":{"type":"Point","coordinates":[-16.87641,15.13545]},"properties":{"name":"","kind":"spring"}},{"type":"Feature","geometry":{"type":"Point","coordinates":[-17.3279,14.73202]},"properties":{"name":"","kind":"well"}},{"type":"Feature","geometry":{"type":"Point","coordinates":[-17.32782,14.7322]},"properties":{"name":"","kind":"well"}},{"type":"Feature","geometry":{"type":"Point","coordinates":[-16.08007,13.57764]},"properties":{"name":"Borehole","kind":"well"}},{"type":"Feature","geometry":{"type":"Point","coordinates":[-16.62748,13.04541]},"properties":{"name":"","kind":"well"}},{"type":"Feature","geometry":{"type":"Point","coordinates":[-16.5756,13.17222]},"properties":{"name":"","kind":"well"}},{"type":"Feature","geometry":{"type":"Point","coordinates":[-16.28191,13.77935]},"properties":{"name":"","kind":"spring"}},{"type":"Feature","geometry":{"type":"Point","coordinates":[-16.07821,13.57516]},"properties":{"name":"Borehole","kind":"well"}},{"type":"Feature","geometry":{"type":"Point","coordinates":[-15.40186,14.81448]},"properties":{"name":"","kind":"well"}},{"type":"Feature","geometry":{"type":"Point","coordinates":[-15.05835,13.60746]},"properties":{"name":"","kind":"well"}},{"type":"Feature","geometry":{"type":"Point","coordinates":[-16.14727,15.06216]},"properties":{"name":"","kind":"well"}},{"type":"Feature","geometry":{"type":"Point","coordinates":[-15.7846,13.4007]},"properties":{"name":"","kind":"well"}},{"type":"Feature","geometry":{"type":"Point","coordinates":[-15.78449,13.40043]},"properties":{"name":"","kind":"well"}},{"type":"Feature","geometry":{"type":"Point","coordinates":[-16.1853,15.37553]},"properties":{"name":"","kind":"well"}},{"type":"Feature","geometry":{"type":"Point","coordinates":[-15.25694,13.69653]},"properties":{"name":"","kind":"well"}},{"type":"Feature","geometry":{"type":"Point","coordinates":[-15.25753,13.6948]},"properties":{"name":"","kind":"well"}},{"type":"Feature","geometry":{"type":"Point","coordinates":[-14.66686,13.58548]},"properties":{"name":"Changai Open Well","kind":"well"}},{"type":"Feature","geometry":{"type":"Point","coordinates":[-14.66615,13.58692]},"properties":{"name":"Changai Closed Well","kind":"well"}},{"type":"Feature","geometry":{"type":"Point","coordinates":[-16.07917,15.94801]},"properties":{"name":"","kind":"well"}},{"type":"Feature","geometry":{"type":"Point","coordinates":[-16.35725,15.90265]},"properties":{"name":"","kind":"well"}},{"type":"Feature","geometry":{"type":"Point","coordinates":[-16.42217,15.77227]},"properties":{"name":"","kind":"well"}},{"type":"Feature","geometry":{"type":"Point","coordinates":[-16.33325,15.65624]},"properties":{"name":"","kind":"well"}},{"type":"Feature","geometry":{"type":"Point","coordinates":[-16.52727,15.7024]},"properties":{"name":"","kind":"well"}},{"type":"Feature","geometry":{"type":"Point","coordinates":[-16.54149,15.66621]},"properties":{"name":"","kind":"well"}},{"type":"Feature","geometry":{"type":"Point","coordinates":[-16.54162,15.66638]},"properties":{"name":"","kind":"well"}},{"type":"Feature","geometry":{"type":"Point","coordinates":[-16.54285,15.67331]},"properties":{"name":"","kind":"well"}},{"type":"Feature","geometry":{"type":"Point","coordinates":[-16.47166,15.76207]},"properties":{"name":"","kind":"well"}},{"type":"Feature","geometry":{"type":"Point","coordinates":[-16.47002,15.76196]},"properties":{"name":"","kind":"well"}},{"type":"Feature","geometry":{"type":"Point","coordinates":[-16.84684,14.29795]},"properties":{"name":"","kind":"well"}},{"type":"Feature","geometry":{"type":"Point","coordinates":[-16.84642,14.29741]},"properties":{"name":"","kind":"well"}},{"type":"Feature","geometry":{"type":"Point","coordinates":[-16.84714,14.29846]},"properties":{"name":"","kind":"well"}},{"type":"Feature","geometry":{"type":"Point","coordinates":[-16.84737,14.29681]},"properties":{"name":"","kind":"well"}},{"type":"Feature","geometry":{"type":"Point","coordinates":[-16.85044,14.29218]},"properties":{"name":"","kind":"well"}},{"type":"Feature","geometry":{"type":"Point","coordinates":[-16.84774,14.29196]},"properties":{"name":"","kind":"well"}},{"type":"Feature","geometry":{"type":"Point","coordinates":[-16.85305,14.29419]},"properties":{"name":"","kind":"well"}},{"type":"Feature","geometry":{"type":"Point","coordinates":[-16.85265,14.29406]},"properties":{"name":"","kind":"well"}},{"type":"Feature","geometry":{"type":"Point","coordinates":[-16.85351,14.2955]},"properties":{"name":"","kind":"well"}},{"type":"Feature","geometry":{"type":"Point","coordinates":[-16.85297,14.29544]},"properties":{"name":"","kind":"well"}},{"type":"Feature","geometry":{"type":"Point","coordinates":[-16.84697,14.28791]},"properties":{"name":"","kind":"well"}},{"type":"Feature","geometry":{"type":"Point","coordinates":[-16.8494,14.29858]},"properties":{"name":"","kind":"well"}},{"type":"Feature","geometry":{"type":"Point","coordinates":[-16.3974,12.73057]},"properties":{"name":"","kind":"well"}},{"type":"Feature","geometry":{"type":"Point","coordinates":[-16.39605,12.7272]},"properties":{"name":"","kind":"well"}},{"type":"Feature","geometry":{"type":"Point","coordinates":[-16.42769,13.75556]},"properties":{"name":"","kind":"well"}},{"type":"Feature","geometry":{"type":"Point","coordinates":[-16.42785,13.75508]},"properties":{"name":"","kind":"well"}},{"type":"Feature","geometry":{"type":"Point","coordinates":[-16.42751,13.75504]},"properties":{"name":"","kind":"well"}},{"type":"Feature","geometry":{"type":"Point","coordinates":[-14.97193,13.78347]},"properties":{"name":"","kind":"well"}},{"type":"Feature","geometry":{"type":"Point","coordinates":[-14.64765,15.56706]},"properties":{"name":"","kind":"well"}},{"type":"Feature","geometry":{"type":"Point","coordinates":[-16.06338,14.16099]},"properties":{"name":"Puit Baye Niass","kind":"well"}},{"type":"Feature","geometry":{"type":"Point","coordinates":[-16.52477,15.00962]},"properties":{"name":"Sine Leye Kane","kind":"well"}},{"type":"Feature","geometry":{"type":"Point","coordinates":[-16.502,15.21615]},"properties":{"name":"Forage Solaire de Loyenne Mbar","kind":"well"}},{"type":"Feature","geometry":{"type":"Point","coordinates":[-14.52065,13.41794]},"properties":{"name":"Water Pump","kind":"well"}},{"type":"Feature","geometry":{"type":"Point","coordinates":[-14.52019,13.41678]},"properties":{"name":"Open Well: Do Not drink","kind":"well"}},{"type":"Feature","geometry":{"type":"Point","coordinates":[-14.52124,13.41547]},"properties":{"name":"Water Pump","kind":"well"}},{"type":"Feature","geometry":{"type":"Point","coordinates":[-14.52145,13.41351]},"properties":{"name":"Water Pump:Drinkable","kind":"well"}},{"type":"Feature","geometry":{"type":"Point","coordinates":[-14.52262,13.41615]},"properties":{"name":"Open Well( Do NOt drink)","kind":"well"}},{"type":"Feature","geometry":{"type":"Point","coordinates":[-15.01132,13.71829]},"properties":{"name":"Water Tower Tap","kind":"well"}},{"type":"Feature","geometry":{"type":"Point","coordinates":[-15.01102,13.71901]},"properties":{"name":"","kind":"well"}},{"type":"Feature","geometry":{"type":"Point","coordinates":[-15.01206,13.71876]},"properties":{"name":"","kind":"well"}},{"type":"Feature","geometry":{"type":"Point","coordinates":[-14.87296,13.65399]},"properties":{"name":"","kind":"well"}},{"type":"Feature","geometry":{"type":"Point","coordinates":[-17.46216,14.73756]},"properties":{"name":"Forage","kind":"well"}},{"type":"Feature","geometry":{"type":"Point","coordinates":[-16.82225,15.21273]},"properties":{"name":"","kind":"well"}},{"type":"Feature","geometry":{"type":"Point","coordinates":[-16.82303,15.20468]},"properties":{"name":"","kind":"well"}},{"type":"Feature","geometry":{"type":"Point","coordinates":[-15.71222,16.66859]},"properties":{"name":"","kind":"well"}},{"type":"Feature","geometry":{"type":"Point","coordinates":[-15.71196,16.66887]},"properties":{"name":"","kind":"well"}},{"type":"Feature","geometry":{"type":"Point","coordinates":[-15.87603,14.8654]},"properties":{"name":"Aynou Rahmaty","kind":"spring"}},{"type":"Feature","geometry":{"type":"Point","coordinates":[-16.14714,14.17623]},"properties":{"name":"","kind":"well"}},{"type":"Feature","geometry":{"type":"Point","coordinates":[-15.69884,16.67857]},"properties":{"name":"","kind":"well"}},{"type":"Feature","geometry":{"type":"Point","coordinates":[-15.59498,13.56158]},"properties":{"name":"","kind":"well"}},{"type":"Feature","geometry":{"type":"Point","coordinates":[-15.59435,13.56164]},"properties":{"name":"","kind":"well"}},{"type":"Feature","geometry":{"type":"Point","coordinates":[-15.5951,13.56319]},"properties":{"name":"","kind":"well"}},{"type":"Feature","geometry":{"type":"Point","coordinates":[-15.59357,13.5618]},"properties":{"name":"","kind":"well"}},{"type":"Feature","geometry":{"type":"Point","coordinates":[-17.38436,14.76381]},"properties":{"name":"","kind":"well"}},{"type":"Feature","geometry":{"type":"Point","coordinates":[-17.37757,14.78305]},"properties":{"name":"","kind":"well"}},{"type":"Feature","geometry":{"type":"Point","coordinates":[-17.37798,14.78278]},"properties":{"name":"","kind":"well"}},{"type":"Feature","geometry":{"type":"Point","coordinates":[-17.37813,14.78275]},"properties":{"name":"","kind":"well"}},{"type":"Feature","geometry":{"type":"Point","coordinates":[-17.37836,14.78263]},"properties":{"name":"","kind":"well"}},{"type":"Feature","geometry":{"type":"Point","coordinates":[-17.37768,14.78254]},"properties":{"name":"","kind":"well"}},{"type":"Feature","geometry":{"type":"Point","coordinates":[-17.38612,14.76457]},"properties":{"name":"","kind":"well"}},{"type":"Feature","geometry":{"type":"Point","coordinates":[-17.38557,14.76431]},"properties":{"name":"","kind":"well"}},{"type":"Feature","geometry":{"type":"Point","coordinates":[-17.38672,14.76349]},"properties":{"name":"","kind":"well"}},{"type":"Feature","geometry":{"type":"Point","coordinates":[-17.38618,14.76307]},"properties":{"name":"","kind":"well"}},{"type":"Feature","geometry":{"type":"Point","coordinates":[-17.38566,14.76264]},"properties":{"name":"","kind":"well"}},{"type":"Feature","geometry":{"type":"Point","coordinates":[-17.38383,14.76195]},"properties":{"name":"","kind":"well"}},{"type":"Feature","geometry":{"type":"Point","coordinates":[-17.38254,14.77456]},"properties":{"name":"","kind":"spring"}},{"type":"Feature","geometry":{"type":"Point","coordinates":[-16.40164,14.42123]},"properties":{"name":"Ndoss","kind":"spring"}},{"type":"Feature","geometry":{"type":"Point","coordinates":[-15.69904,16.67759]},"properties":{"name":"","kind":"well"}},{"type":"Feature","geometry":{"type":"Point","coordinates":[-15.69909,16.6775]},"properties":{"name":"","kind":"well"}},{"type":"Feature","geometry":{"type":"Point","coordinates":[-15.69909,16.67776]},"properties":{"name":"","kind":"well"}},{"type":"Feature","geometry":{"type":"Point","coordinates":[-15.53716,15.36668]},"properties":{"name":"","kind":"well"}},{"type":"Feature","geometry":{"type":"Point","coordinates":[-15.55482,15.2236]},"properties":{"name":"","kind":"well"}},{"type":"Feature","geometry":{"type":"Point","coordinates":[-15.42742,15.13205]},"properties":{"name":"","kind":"well"}},{"type":"Feature","geometry":{"type":"Point","coordinates":[-16.44831,13.65954]},"properties":{"name":"","kind":"well"}},{"type":"Feature","geometry":{"type":"Point","coordinates":[-15.8589,16.2155]},"properties":{"name":"Puit Tiékéne 3","kind":"well"}},{"type":"Feature","geometry":{"type":"Point","coordinates":[-15.8582,16.21538]},"properties":{"name":"Robinet Tiékéné 1","kind":"well"}},{"type":"Feature","geometry":{"type":"Point","coordinates":[-15.85828,16.21464]},"properties":{"name":"Puit Tiékéne 1","kind":"well"}},{"type":"Feature","geometry":{"type":"Point","coordinates":[-16.91414,14.76563]},"properties":{"name":"","kind":"well"}},{"type":"Feature","geometry":{"type":"Point","coordinates":[-15.812,16.40315]},"properties":{"name":"Robinet PAKH","kind":"well"}},{"type":"Feature","geometry":{"type":"Point","coordinates":[-15.81209,16.40425]},"properties":{"name":"Robinet PAKH","kind":"well"}},{"type":"Feature","geometry":{"type":"Point","coordinates":[-15.81104,16.40318]},"properties":{"name":"Robinet PAKH","kind":"well"}},{"type":"Feature","geometry":{"type":"Point","coordinates":[-15.85957,16.21459]},"properties":{"name":"Puit de Tiékene","kind":"well"}},{"type":"Feature","geometry":{"type":"Point","coordinates":[-15.85847,16.2164]},"properties":{"name":"Puit de Tiékene","kind":"well"}},{"type":"Feature","geometry":{"type":"Point","coordinates":[-17.32575,14.77051]},"properties":{"name":"","kind":"well"}},{"type":"Feature","geometry":{"type":"Point","coordinates":[-15.29588,13.38269]},"properties":{"name":"","kind":"well"}},{"type":"Feature","geometry":{"type":"Point","coordinates":[-14.80301,13.98067]},"properties":{"name":"","kind":"well"}},{"type":"Feature","geometry":{"type":"Point","coordinates":[-15.5866,13.77077]},"properties":{"name":"","kind":"well"}},{"type":"Feature","geometry":{"type":"Point","coordinates":[-15.58454,13.76944]},"properties":{"name":"","kind":"well"}},{"type":"Feature","geometry":{"type":"Point","coordinates":[-16.4738,13.21635]},"properties":{"name":"","kind":"well"}},{"type":"Feature","geometry":{"type":"Point","coordinates":[-14.87213,12.82772]},"properties":{"name":"","kind":"well"}},{"type":"Feature","geometry":{"type":"Point","coordinates":[-16.46486,16.13388]},"properties":{"name":"","kind":"well"}},{"type":"Feature","geometry":{"type":"Point","coordinates":[-17.33707,14.76658]},"properties":{"name":"","kind":"well"}},{"type":"Feature","geometry":{"type":"Point","coordinates":[-16.63311,15.09072]},"properties":{"name":"","kind":"well"}},{"type":"Feature","geometry":{"type":"Point","coordinates":[-16.65522,15.08814]},"properties":{"name":"","kind":"well"}},{"type":"Feature","geometry":{"type":"Point","coordinates":[-16.13986,16.69053]},"properties":{"name":"Aghamsabit","kind":"well"}},{"type":"Feature","geometry":{"type":"Point","coordinates":[-15.95,16.8]},"properties":{"name":"Babe","kind":"well"}},{"type":"Feature","geometry":{"type":"Point","coordinates":[-16.10993,16.70972]},"properties":{"name":"N-Doguel","kind":"well"}},{"type":"Feature","geometry":{"type":"Point","coordinates":[-16.04218,16.78481]},"properties":{"name":"N-Tiori","kind":"well"}},{"type":"Feature","geometry":{"type":"Point","coordinates":[-15.96667,16.68333]},"properties":{"name":"Toueïrga","kind":"well"}},{"type":"Feature","geometry":{"type":"Point","coordinates":[-15.85,16.63333]},"properties":{"name":"Kamsan","kind":"well"}},{"type":"Feature","geometry":{"type":"Point","coordinates":[-15.85,16.66667]},"properties":{"name":"Tite","kind":"well"}},{"type":"Feature","geometry":{"type":"Point","coordinates":[-15.76667,16.76667]},"properties":{"name":"Afellejid","kind":"well"}},{"type":"Feature","geometry":{"type":"Point","coordinates":[-15.75,16.8]},"properties":{"name":"Krâ’ el Ahmar","kind":"well"}},{"type":"Feature","geometry":{"type":"Point","coordinates":[-15.6,16.73333]},"properties":{"name":"Amar","kind":"well"}},{"type":"Feature","geometry":{"type":"Point","coordinates":[-15.06667,16.75]},"properties":{"name":"Hasseï el ’Atroûs","kind":"well"}},{"type":"Feature","geometry":{"type":"Point","coordinates":[-16.09832,16.654]},"properties":{"name":"Bagouadé","kind":"well"}},{"type":"Feature","geometry":{"type":"Point","coordinates":[-16,16.66667]},"properties":{"name":"Balal","kind":"well"}},{"type":"Feature","geometry":{"type":"Point","coordinates":[-15.88333,16.7]},"properties":{"name":"Bejoeïrat","kind":"well"}},{"type":"Feature","geometry":{"type":"Point","coordinates":[-16.02281,16.66035]},"properties":{"name":"Beub","kind":"well"}},{"type":"Feature","geometry":{"type":"Point","coordinates":[-14.99175,16.79861]},"properties":{"name":"Biniamous","kind":"well"}},{"type":"Feature","geometry":{"type":"Point","coordinates":[-15.96667,16.78333]},"properties":{"name":"Bou Grie","kind":"well"}},{"type":"Feature","geometry":{"type":"Point","coordinates":[-15.9,16.66667]},"properties":{"name":"Boû Hajra","kind":"well"}},{"type":"Feature","geometry":{"type":"Point","coordinates":[-15.81667,16.78333]},"properties":{"name":"Cheguind","kind":"well"}},{"type":"Feature","geometry":{"type":"Point","coordinates":[-16.0386,16.69326]},"properties":{"name":"Diéré","kind":"well"}},{"type":"Feature","geometry":{"type":"Point","coordinates":[-15.63333,16.78333]},"properties":{"name":"El Guissim","kind":"well"}},{"type":"Feature","geometry":{"type":"Point","coordinates":[-15.6,16.75]},"properties":{"name":"Es Souiguiyya","kind":"well"}},{"type":"Feature","geometry":{"type":"Point","coordinates":[-16.01548,16.68537]},"properties":{"name":"Hassi el Fras","kind":"well"}},{"type":"Feature","geometry":{"type":"Point","coordinates":[-15.95,16.76667]},"properties":{"name":"Ghaïlat","kind":"well"}},{"type":"Feature","geometry":{"type":"Point","coordinates":[-15.56667,16.78333]},"properties":{"name":"Hasseï el Hachîch","kind":"well"}},{"type":"Feature","geometry":{"type":"Point","coordinates":[-15.1,16.76667]},"properties":{"name":"Hasseï el Joual","kind":"well"}},{"type":"Feature","geometry":{"type":"Point","coordinates":[-15.91667,16.68333]},"properties":{"name":"Hasseï Koutane","kind":"well"}},{"type":"Feature","geometry":{"type":"Point","coordinates":[-15.86667,16.6]},"properties":{"name":"Lamelate","kind":"well"}},{"type":"Feature","geometry":{"type":"Point","coordinates":[-15.98333,16.68333]},"properties":{"name":"Lekhalt","kind":"well"}},{"type":"Feature","geometry":{"type":"Point","coordinates":[-16.13207,16.74263]},"properties":{"name":"Makhdji","kind":"well"}},{"type":"Feature","geometry":{"type":"Point","coordinates":[-16.154,16.79011]},"properties":{"name":"Mbatar","kind":"well"}},{"type":"Feature","geometry":{"type":"Point","coordinates":[-15.98333,16.7]},"properties":{"name":"Mbed","kind":"well"}},{"type":"Feature","geometry":{"type":"Point","coordinates":[-16.07067,16.78884]},"properties":{"name":"M-Blèl","kind":"well"}},{"type":"Feature","geometry":{"type":"Point","coordinates":[-16.12407,16.79032]},"properties":{"name":"Moïdiné","kind":"well"}},{"type":"Feature","geometry":{"type":"Point","coordinates":[-16.16919,16.72344]},"properties":{"name":"Moustaf","kind":"well"}},{"type":"Feature","geometry":{"type":"Point","coordinates":[-16.16625,16.74411]},"properties":{"name":"M-Séré","kind":"well"}},{"type":"Feature","geometry":{"type":"Point","coordinates":[-16.07828,16.68418]},"properties":{"name":"Hassi Nouelki","kind":"well"}},{"type":"Feature","geometry":{"type":"Point","coordinates":[-16.10484,16.70147]},"properties":{"name":"N-Tagoum","kind":"well"}},{"type":"Feature","geometry":{"type":"Point","coordinates":[-15.91667,16.71667]},"properties":{"name":"Nteli","kind":"well"}},{"type":"Feature","geometry":{"type":"Point","coordinates":[-16.09495,16.67618]},"properties":{"name":"N-Tikit","kind":"well"}},{"type":"Feature","geometry":{"type":"Point","coordinates":[-16.13818,16.72933]},"properties":{"name":"Hassi Ould Babeyé","kind":"well"}},{"type":"Feature","geometry":{"type":"Point","coordinates":[-15.83333,16.68333]},"properties":{"name":"Rache","kind":"well"}},{"type":"Feature","geometry":{"type":"Point","coordinates":[-15.95,16.63333]},"properties":{"name":"Hasseï Sahir","kind":"well"}},{"type":"Feature","geometry":{"type":"Point","coordinates":[-15.76667,16.65]},"properties":{"name":"Sekarve","kind":"well"}},{"type":"Feature","geometry":{"type":"Point","coordinates":[-15.73333,16.68333]},"properties":{"name":"Seyah","kind":"well"}},{"type":"Feature","geometry":{"type":"Point","coordinates":[-15.5,16.78333]},"properties":{"name":"Te-n-Nemdaï","kind":"well"}},{"type":"Feature","geometry":{"type":"Point","coordinates":[-16.05737,16.76793]},"properties":{"name":"Ti-n-Dahat","kind":"well"}},{"type":"Feature","geometry":{"type":"Point","coordinates":[-16.05614,16.7806]},"properties":{"name":"Ti-n-Dahat","kind":"well"}},{"type":"Feature","geometry":{"type":"Point","coordinates":[-16.1386,16.76919]},"properties":{"name":"Ti-n-Mouri","kind":"well"}},{"type":"Feature","geometry":{"type":"Point","coordinates":[-15.7,16.71667]},"properties":{"name":"Tmared","kind":"well"}},{"type":"Feature","geometry":{"type":"Point","coordinates":[-15.81667,16.61667]},"properties":{"name":"Toumboyet","kind":"well"}},{"type":"Feature","geometry":{"type":"Point","coordinates":[-16.80328,14.41849]},"properties":{"name":"","kind":"well"}},{"type":"Feature","geometry":{"type":"Point","coordinates":[-15.47252,12.01092]},"properties":{"name":"","kind":"well"}},{"type":"Feature","geometry":{"type":"Point","coordinates":[-15.47811,12.00653]},"properties":{"name":"","kind":"well"}},{"type":"Feature","geometry":{"type":"Point","coordinates":[-15.47285,12.00163]},"properties":{"name":"","kind":"well"}},{"type":"Feature","geometry":{"type":"Point","coordinates":[-15.46863,12.00934]},"properties":{"name":"","kind":"well"}},{"type":"Feature","geometry":{"type":"Point","coordinates":[-15.47449,12.00602]},"properties":{"name":"","kind":"well"}},{"type":"Feature","geometry":{"type":"Point","coordinates":[-16.00884,13.33158]},"properties":{"name":"","kind":"well"}},{"type":"Feature","geometry":{"type":"Point","coordinates":[-16.01352,13.32941]},"properties":{"name":"","kind":"well"}},{"type":"Feature","geometry":{"type":"Point","coordinates":[-16.00997,13.32937]},"properties":{"name":"","kind":"well"}},{"type":"Feature","geometry":{"type":"Point","coordinates":[-16.00985,13.32782]},"properties":{"name":"","kind":"well"}},{"type":"Feature","geometry":{"type":"Point","coordinates":[-16.00868,13.33063]},"properties":{"name":"","kind":"well"}},{"type":"Feature","geometry":{"type":"Point","coordinates":[-16.00804,13.33432]},"properties":{"name":"","kind":"well"}},{"type":"Feature","geometry":{"type":"Point","coordinates":[-16.00872,13.33537]},"properties":{"name":"","kind":"well"}},{"type":"Feature","geometry":{"type":"Point","coordinates":[-16.01032,13.33761]},"properties":{"name":"","kind":"well"}},{"type":"Feature","geometry":{"type":"Point","coordinates":[-16.01201,13.3343]},"properties":{"name":"","kind":"well"}},{"type":"Feature","geometry":{"type":"Point","coordinates":[-15.99902,13.33559]},"properties":{"name":"","kind":"well"}},{"type":"Feature","geometry":{"type":"Point","coordinates":[-16.06753,13.35451]},"properties":{"name":"","kind":"well"}},{"type":"Feature","geometry":{"type":"Point","coordinates":[-16.06812,13.35349]},"properties":{"name":"","kind":"well"}},{"type":"Feature","geometry":{"type":"Point","coordinates":[-16.06875,13.35117]},"properties":{"name":"","kind":"well"}},{"type":"Feature","geometry":{"type":"Point","coordinates":[-16.07057,13.35375]},"properties":{"name":"","kind":"well"}},{"type":"Feature","geometry":{"type":"Point","coordinates":[-16.06511,13.35871]},"properties":{"name":"","kind":"well"}},{"type":"Feature","geometry":{"type":"Point","coordinates":[-14.79537,12.7864]},"properties":{"name":"","kind":"well"}},{"type":"Feature","geometry":{"type":"Point","coordinates":[-15.47174,12.00389]},"properties":{"name":"","kind":"well"}},{"type":"Feature","geometry":{"type":"Point","coordinates":[-15.58492,12.7897]},"properties":{"name":"","kind":"well"}},{"type":"Feature","geometry":{"type":"Point","coordinates":[-15.58426,12.78834]},"properties":{"name":"","kind":"well"}},{"type":"Feature","geometry":{"type":"Point","coordinates":[-14.60484,14.10304]},"properties":{"name":"","kind":"well"}},{"type":"Feature","geometry":{"type":"Point","coordinates":[-14.51116,13.70815]},"properties":{"name":"","kind":"well"}},{"type":"Feature","geometry":{"type":"Point","coordinates":[-15.47395,12.00246]},"properties":{"name":"","kind":"well"}},{"type":"Feature","geometry":{"type":"Point","coordinates":[-15.48336,12.013]},"properties":{"name":"","kind":"well"}},{"type":"Feature","geometry":{"type":"Point","coordinates":[-17.0176,14.44217]},"properties":{"name":"","kind":"well"}},{"type":"Feature","geometry":{"type":"Point","coordinates":[-14.54583,14.20699]},"properties":{"name":"","kind":"well"}},{"type":"Feature","geometry":{"type":"Point","coordinates":[-14.5458,14.20675]},"properties":{"name":"","kind":"well"}},{"type":"Feature","geometry":{"type":"Point","coordinates":[-15.1219,15.60021]},"properties":{"name":"Forage pastoral","kind":"well"}},{"type":"Feature","geometry":{"type":"Point","coordinates":[-15.34175,15.58775]},"properties":{"name":"Forage pastoral","kind":"well"}},{"type":"Feature","geometry":{"type":"Point","coordinates":[-15.49857,15.97075]},"properties":{"name":"Forage pastoral","kind":"well"}},{"type":"Feature","geometry":{"type":"Point","coordinates":[-16.11169,16.41833]},"properties":{"name":"Station de pompage Gayla Union de Mboundoum","kind":"well"}},{"type":"Feature","geometry":{"type":"Point","coordinates":[-15.03997,14.43952]},"properties":{"name":"Mare mbelegne kore","kind":"spring"}},{"type":"Feature","geometry":{"type":"Point","coordinates":[-14.97322,14.44463]},"properties":{"name":"Mare de Jangueji","kind":"spring"}},{"type":"Feature","geometry":{"type":"Point","coordinates":[-14.94066,14.45195]},"properties":{"name":"Site Nguinte Waax","kind":"spring"}},{"type":"Feature","geometry":{"type":"Point","coordinates":[-15.32421,15.99521]},"properties":{"name":"","kind":"well"}},{"type":"Feature","geometry":{"type":"Point","coordinates":[-16.22193,14.02415]},"properties":{"name":"","kind":"well"}},{"type":"Feature","geometry":{"type":"Point","coordinates":[-16.47342,14.08531]},"properties":{"name":"Puits pédologique 1","kind":"well"}},{"type":"Feature","geometry":{"type":"Point","coordinates":[-16.47963,14.08669]},"properties":{"name":"","kind":"well"}},{"type":"Feature","geometry":{"type":"Point","coordinates":[-16.72298,13.86148]},"properties":{"name":"Puits 1","kind":"well"}},{"type":"Feature","geometry":{"type":"Point","coordinates":[-16.72554,13.85931]},"properties":{"name":"Puits","kind":"well"}},{"type":"Feature","geometry":{"type":"Point","coordinates":[-16.72302,13.86159]},"properties":{"name":"Puits Kéba Diop de niodior","kind":"well"}},{"type":"Feature","geometry":{"type":"Point","coordinates":[-16.58834,13.92768]},"properties":{"name":"Puits","kind":"well"}},{"type":"Feature","geometry":{"type":"Point","coordinates":[-16.5918,13.92912]},"properties":{"name":"Puits école franco arabe","kind":"well"}},{"type":"Feature","geometry":{"type":"Point","coordinates":[-16.64328,14.0507]},"properties":{"name":"Puits","kind":"well"}},{"type":"Feature","geometry":{"type":"Point","coordinates":[-16.64192,14.05381]},"properties":{"name":"Puits","kind":"well"}},{"type":"Feature","geometry":{"type":"Point","coordinates":[-16.68204,13.9162]},"properties":{"name":"Puit","kind":"well"}},{"type":"Feature","geometry":{"type":"Point","coordinates":[-16.72382,13.8602]},"properties":{"name":"Puits","kind":"well"}},{"type":"Feature","geometry":{"type":"Point","coordinates":[-16.72486,13.85303]},"properties":{"name":"Puits","kind":"well"}},{"type":"Feature","geometry":{"type":"Point","coordinates":[-16.63909,14.05431]},"properties":{"name":"Puits","kind":"well"}},{"type":"Feature","geometry":{"type":"Point","coordinates":[-16.69282,14.04515]},"properties":{"name":"Puits de Mar lothie","kind":"well"}},{"type":"Feature","geometry":{"type":"Point","coordinates":[-16.72427,13.86128]},"properties":{"name":"Puits","kind":"well"}},{"type":"Feature","geometry":{"type":"Point","coordinates":[-16.74767,13.85881]},"properties":{"name":"Puits","kind":"well"}},{"type":"Feature","geometry":{"type":"Point","coordinates":[-16.6412,14.05537]},"properties":{"name":"Puits de Mar Fafaco","kind":"well"}},{"type":"Feature","geometry":{"type":"Point","coordinates":[-16.70652,13.93451]},"properties":{"name":"Puits","kind":"well"}},{"type":"Feature","geometry":{"type":"Point","coordinates":[-16.70645,13.9356]},"properties":{"name":"Puits","kind":"well"}},{"type":"Feature","geometry":{"type":"Point","coordinates":[-16.66171,13.9193]},"properties":{"name":"Puits","kind":"well"}},{"type":"Feature","geometry":{"type":"Point","coordinates":[-16.76288,13.93825]},"properties":{"name":"Puits","kind":"well"}},{"type":"Feature","geometry":{"type":"Point","coordinates":[-16.76193,13.93485]},"properties":{"name":"Puits","kind":"well"}},{"type":"Feature","geometry":{"type":"Point","coordinates":[-15.04273,16.06713]},"properties":{"name":"","kind":"well"}},{"type":"Feature","geometry":{"type":"Point","coordinates":[-16.29739,13.94492]},"properties":{"name":"","kind":"well"}},{"type":"Feature","geometry":{"type":"Point","coordinates":[-16.20358,14.03531]},"properties":{"name":"","kind":"well"}},{"type":"Feature","geometry":{"type":"Point","coordinates":[-14.7233,15.29875]},"properties":{"name":"","kind":"well"}},{"type":"Feature","geometry":{"type":"Point","coordinates":[-15.58753,14.97478]},"properties":{"name":"","kind":"well"}},{"type":"Feature","geometry":{"type":"Point","coordinates":[-15.81717,15.14686]},"properties":{"name":"","kind":"well"}},{"type":"Feature","geometry":{"type":"Point","coordinates":[-15.81707,15.14679]},"properties":{"name":"","kind":"well"}},{"type":"Feature","geometry":{"type":"Point","coordinates":[-15.81696,15.14674]},"properties":{"name":"","kind":"well"}},{"type":"Feature","geometry":{"type":"Point","coordinates":[-16.24405,15.82229]},"properties":{"name":"","kind":"well"}},{"type":"Feature","geometry":{"type":"Point","coordinates":[-16.247,15.80813]},"properties":{"name":"","kind":"well"}},{"type":"Feature","geometry":{"type":"Point","coordinates":[-16.24507,15.79675]},"properties":{"name":"","kind":"well"}},{"type":"Feature","geometry":{"type":"Point","coordinates":[-16.91591,14.76656]},"properties":{"name":"Puits d'eau couvert","kind":"well"}},{"type":"Feature","geometry":{"type":"Point","coordinates":[-15.52556,13.63378]},"properties":{"name":"","kind":"well"}},{"type":"Feature","geometry":{"type":"Point","coordinates":[-15.65371,15.55916]},"properties":{"name":"","kind":"well"}},{"type":"Feature","geometry":{"type":"Point","coordinates":[-16.79409,14.39979]},"properties":{"name":"","kind":"well"}},{"type":"Feature","geometry":{"type":"Point","coordinates":[-16.44392,13.1916]},"properties":{"name":"","kind":"well"}},{"type":"Feature","geometry":{"type":"Point","coordinates":[-16.58742,14.64618]},"properties":{"name":"","kind":"well"}},{"type":"Feature","geometry":{"type":"Point","coordinates":[-15.12263,16.51098]},"properties":{"name":"Puits","kind":"well"}},{"type":"Feature","geometry":{"type":"Point","coordinates":[-15.6829,15.74076]},"properties":{"name":"","kind":"spring"}},{"type":"Feature","geometry":{"type":"Point","coordinates":[-16.52341,15.70738]},"properties":{"name":"","kind":"spring"}},{"type":"Feature","geometry":{"type":"Point","coordinates":[-14.93325,12.88337]},"properties":{"name":"ma maison a Bantanguiel","kind":"well"}},{"type":"Feature","geometry":{"type":"Point","coordinates":[-14.67731,15.85798]},"properties":{"name":"","kind":"well"}},{"type":"Feature","geometry":{"type":"Point","coordinates":[-15.99773,16.09013]},"properties":{"name":"Mosquée de. Mbayene","kind":"spring"}},{"type":"Feature","geometry":{"type":"Point","coordinates":[-13.90723,16.17066]},"properties":{"name":"Sénégal نهر السنغال","kind":"river"}},{"type":"Feature","geometry":{"type":"Point","coordinates":[-13.41864,16.02857]},"properties":{"name":"Sénégal السنغال","kind":"river"}},{"type":"Feature","geometry":{"type":"Point","coordinates":[-13.85146,16.09837]},"properties":{"name":"Doué","kind":"river"}},{"type":"Feature","geometry":{"type":"Point","coordinates":[-13.81574,16.08847]},"properties":{"name":"Tiamala","kind":"river"}},{"type":"Feature","geometry":{"type":"Point","coordinates":[-13.81495,16.09832]},"properties":{"name":"","kind":"river"}},{"type":"Feature","geometry":{"type":"Point","coordinates":[-14.32218,16.43797]},"properties":{"name":"Doué","kind":"river"}},{"type":"Feature","geometry":{"type":"Point","coordinates":[-14.20713,11.86637]},"properties":{"name":"Rio Cocoli","kind":"river"}},{"type":"Feature","geometry":{"type":"Point","coordinates":[-14.43609,12.14174]},"properties":{"name":"Rio Colufi","kind":"river"}},{"type":"Feature","geometry":{"type":"Point","coordinates":[-14.06794,12.84704]},"properties":{"name":"Kayanga","kind":"river"}},{"type":"Feature","geometry":{"type":"Point","coordinates":[-12.82265,12.77223]},"properties":{"name":"Gambie","kind":"river"}},{"type":"Feature","geometry":{"type":"Point","coordinates":[-14.11999,13.40982]},"properties":{"name":"Gambie","kind":"river"}},{"type":"Feature","geometry":{"type":"Point","coordinates":[-13.99173,12.84719]},"properties":{"name":"Kayanga","kind":"river"}},{"type":"Feature","geometry":{"type":"Point","coordinates":[-13.29232,13.02949]},"properties":{"name":"Mare de Simenti","kind":"water"}},{"type":"Feature","geometry":{"type":"Point","coordinates":[-13.19964,11.87947]},"properties":{"name":"Tominé","kind":"river"}},{"type":"Feature","geometry":{"type":"Point","coordinates":[-13.35532,15.79272]},"properties":{"name":"Marigot de Diammél","kind":"river"}},{"type":"Feature","geometry":{"type":"Point","coordinates":[-13.72574,16.06787]},"properties":{"name":"Marigot de Diammél","kind":"river"}},{"type":"Feature","geometry":{"type":"Point","coordinates":[-14.40834,16.55193]},"properties":{"name":"Tiéli Mayil","kind":"river"}},{"type":"Feature","geometry":{"type":"Point","coordinates":[-14.3248,16.4526]},"properties":{"name":"","kind":"river"}},{"type":"Feature","geometry":{"type":"Point","coordinates":[-13.48052,15.94244]},"properties":{"name":"Marigot de Diammél","kind":"river"}},{"type":"Feature","geometry":{"type":"Point","coordinates":[-13.51877,15.99593]},"properties":{"name":"","kind":"river"}},{"type":"Feature","geometry":{"type":"Point","coordinates":[-13.70116,16.04662]},"properties":{"name":"Marigot de Diammél","kind":"river"}},{"type":"Feature","geometry":{"type":"Point","coordinates":[-13.71761,16.06607]},"properties":{"name":"Dialaane","kind":"river"}},{"type":"Feature","geometry":{"type":"Point","coordinates":[-13.7018,16.08604]},"properties":{"name":"Oualtoundé","kind":"river"}},{"type":"Feature","geometry":{"type":"Point","coordinates":[-13.71077,16.19289]},"properties":{"name":"","kind":"river"}},{"type":"Feature","geometry":{"type":"Point","coordinates":[-14.19552,12.28409]},"properties":{"name":"","kind":"river"}},{"type":"Feature","geometry":{"type":"Point","coordinates":[-14.22848,16.52938]},"properties":{"name":"Sénégal نهر السنغال","kind":"river"}},{"type":"Feature","geometry":{"type":"Point","coordinates":[-13.98952,16.28596]},"properties":{"name":"Sénégal نهر السنغال","kind":"river"}},{"type":"Feature","geometry":{"type":"Point","coordinates":[-14.08811,16.413]},"properties":{"name":"Sénégal نهر السنغال","kind":"river"}},{"type":"Feature","geometry":{"type":"Point","coordinates":[-12.8277,16.1427]},"properties":{"name":"Gorgol noir كوركول الأسود","kind":"river"}},{"type":"Feature","geometry":{"type":"Point","coordinates":[-13.34931,16.17451]},"properties":{"name":"Gorgol كوركول","kind":"river"}},{"type":"Feature","geometry":{"type":"Point","coordinates":[-13.12129,16.19809]},"properties":{"name":"كوركول","kind":"river"}},{"type":"Feature","geometry":{"type":"Point","coordinates":[-12.89285,16.30234]},"properties":{"name":"Gorgol blanc كوركول الأبيض","kind":"river"}},{"type":"Feature","geometry":{"type":"Point","coordinates":[-12.93688,16.17902]},"properties":{"name":"Gorgol noir كوركول الأسود","kind":"river"}},{"type":"Feature","geometry":{"type":"Point","coordinates":[-12.90279,16.13237]},"properties":{"name":"Gorgol noir","kind":"river"}},{"type":"Feature","geometry":{"type":"Point","coordinates":[-13.06567,12.32062]},"properties":{"name":"Koulountou","kind":"river"}},{"type":"Feature","geometry":{"type":"Point","coordinates":[-13.30085,12.60115]},"properties":{"name":"Koulountou","kind":"river"}},{"type":"Feature","geometry":{"type":"Point","coordinates":[-13.48372,12.8551]},"properties":{"name":"Koulountou","kind":"river"}},{"type":"Feature","geometry":{"type":"Point","coordinates":[-13.14744,12.44421]},"properties":{"name":"Panini","kind":"river"}},{"type":"Feature","geometry":{"type":"Point","coordinates":[-13.69611,13.33567]},"properties":{"name":"Gambie","kind":"river"}},{"type":"Feature","geometry":{"type":"Point","coordinates":[-13.49682,13.29794]},"properties":{"name":"Gambie","kind":"river"}},{"type":"Feature","geometry":{"type":"Point","coordinates":[-13.80561,13.50714]},"properties":{"name":"Gambie","kind":"river"}},{"type":"Feature","geometry":{"type":"Point","coordinates":[-13.29169,13.12206]},"properties":{"name":"Gambie","kind":"river"}},{"type":"Feature","geometry":{"type":"Point","coordinates":[-13.58947,13.11424]},"properties":{"name":"Koulountou","kind":"river"}},{"type":"Feature","geometry":{"type":"Point","coordinates":[-13.60749,13.23428]},"properties":{"name":"Koulountou","kind":"river"}},{"type":"Feature","geometry":{"type":"Point","coordinates":[-13.55657,13.06431]},"properties":{"name":"Koulountou","kind":"river"}},{"type":"Feature","geometry":{"type":"Point","coordinates":[-13.57496,13.08937]},"properties":{"name":"Koulountou","kind":"river"}},{"type":"Feature","geometry":{"type":"Point","coordinates":[-13.53443,13.04127]},"properties":{"name":"Koulountou","kind":"river"}},{"type":"Feature","geometry":{"type":"Point","coordinates":[-13.60789,13.18688]},"properties":{"name":"Koulountou","kind":"river"}},{"type":"Feature","geometry":{"type":"Point","coordinates":[-13.60309,13.1475]},"properties":{"name":"Koulountou","kind":"river"}},{"type":"Feature","geometry":{"type":"Point","coordinates":[-13.52371,13.01427]},"properties":{"name":"Koulountou","kind":"river"}},{"type":"Feature","geometry":{"type":"Point","coordinates":[-13.12652,13.04359]},"properties":{"name":"Niokolo Koba","kind":"river"}},{"type":"Feature","geometry":{"type":"Point","coordinates":[-13.18503,13.05831]},"properties":{"name":"Niokolo Koba","kind":"river"}},{"type":"Feature","geometry":{"type":"Point","coordinates":[-12.92627,13.049]},"properties":{"name":"Niokolo Koba","kind":"river"}},{"type":"Feature","geometry":{"type":"Point","coordinates":[-13.03881,13.05631]},"properties":{"name":"Niokolo Koba","kind":"river"}},{"type":"Feature","geometry":{"type":"Point","coordinates":[-13.22135,13.03331]},"properties":{"name":"Niokolo Koba","kind":"river"}},{"type":"Feature","geometry":{"type":"Point","coordinates":[-13.25508,13.45412]},"properties":{"name":"Niéri Ko","kind":"river"}},{"type":"Feature","geometry":{"type":"Point","coordinates":[-13.82558,12.22126]},"properties":{"name":"Tominé - Rio Corubal","kind":"river"}},{"type":"Feature","geometry":{"type":"Point","coordinates":[-13.37087,12.18815]},"properties":{"name":"Tominé","kind":"river"}},{"type":"Feature","geometry":{"type":"Point","coordinates":[-13.94932,12.14166]},"properties":{"name":"Rio Corubal","kind":"river"}},{"type":"Feature","geometry":{"type":"Point","coordinates":[-13.71192,16.14959]},"properties":{"name":"Sénégal السنغال","kind":"river"}},{"type":"Feature","geometry":{"type":"Point","coordinates":[-13.87982,13.45735]},"properties":{"name":"Gambie","kind":"river"}},{"type":"Feature","geometry":{"type":"Point","coordinates":[-13.21213,12.64169]},"properties":{"name":"Mitji","kind":"river"}},{"type":"Feature","geometry":{"type":"Point","coordinates":[-13.40637,12.6838]},"properties":{"name":"Koulountou","kind":"river"}},{"type":"Feature","geometry":{"type":"Point","coordinates":[-13.34356,12.65617]},"properties":{"name":"Koulountou","kind":"river"}},{"type":"Feature","geometry":{"type":"Point","coordinates":[-13.35259,13.3876]},"properties":{"name":"Niéri Ko","kind":"river"}},{"type":"Feature","geometry":{"type":"Point","coordinates":[-13.05332,13.69487]},"properties":{"name":"Niéri Ko","kind":"river"}},{"type":"Feature","geometry":{"type":"Point","coordinates":[-13.98855,13.36215]},"properties":{"name":"Shima Simong Bolon","kind":"river"}},{"type":"Feature","geometry":{"type":"Point","coordinates":[-13.96392,13.43222]},"properties":{"name":"Gambie","kind":"river"}},{"type":"Feature","geometry":{"type":"Point","coordinates":[-13.56929,13.55951]},"properties":{"name":"Niaoulé","kind":"river"}},{"type":"Feature","geometry":{"type":"Point","coordinates":[-14.26428,13.39724]},"properties":{"name":"Tubatenda Bolong","kind":"river"}},{"type":"Feature","geometry":{"type":"Point","coordinates":[-13.01329,12.35981]},"properties":{"name":"","kind":"river"}},{"type":"Feature","geometry":{"type":"Point","coordinates":[-13.25757,12.02429]},"properties":{"name":"Tominé","kind":"river"}},{"type":"Feature","geometry":{"type":"Point","coordinates":[-13.58309,12.26626]},"properties":{"name":"Tominé","kind":"river"}},{"type":"Feature","geometry":{"type":"Point","coordinates":[-13.15254,12.00373]},"properties":{"name":"","kind":"river"}},{"type":"Feature","geometry":{"type":"Point","coordinates":[-14.37465,12.5699]},"properties":{"name":"Rio Geba","kind":"river"}},{"type":"Feature","geometry":{"type":"Point","coordinates":[-14.33196,12.6566]},"properties":{"name":"Rio Geba","kind":"river"}},{"type":"Feature","geometry":{"type":"Point","coordinates":[-13.21625,13.18465]},"properties":{"name":"Samba Daloto","kind":"water"}},{"type":"Feature","geometry":{"type":"Point","coordinates":[-13.21289,13.18683]},"properties":{"name":"Bamindi Daloto","kind":"water"}},{"type":"Feature","geometry":{"type":"Point","coordinates":[-13.35416,15.92536]},"properties":{"name":"Wodosse","kind":"water"}},{"type":"Feature","geometry":{"type":"Point","coordinates":[-14.0837,12.55913]},"properties":{"name":"","kind":"river"}},{"type":"Feature","geometry":{"type":"Point","coordinates":[-14.08876,12.5486]},"properties":{"name":"","kind":"river"}},{"type":"Feature","geometry":{"type":"Point","coordinates":[-14.28744,12.61888]},"properties":{"name":"Rio Bidigor","kind":"river"}},{"type":"Feature","geometry":{"type":"Point","coordinates":[-12.93136,15.11268]},"properties":{"name":"","kind":"river"}},{"type":"Feature","geometry":{"type":"Point","coordinates":[-12.98449,15.35544]},"properties":{"name":"Dioulol","kind":"river"}},{"type":"Feature","geometry":{"type":"Point","coordinates":[-13.82518,13.8447]},"properties":{"name":"Sandougou","kind":"river"}},{"type":"Feature","geometry":{"type":"Point","coordinates":[-12.82132,15.19986]},"properties":{"name":"Sénégal السنغال","kind":"river"}},{"type":"Feature","geometry":{"type":"Point","coordinates":[-13.77215,16.14517]},"properties":{"name":"Sénégal السنغال","kind":"river"}},{"type":"Feature","geometry":{"type":"Point","coordinates":[-14.01502,16.21862]},"properties":{"name":"Doué","kind":"river"}},{"type":"Feature","geometry":{"type":"Point","coordinates":[-14.06287,16.41152]},"properties":{"name":"","kind":"river"}},{"type":"Feature","geometry":{"type":"Point","coordinates":[-14.05027,16.26324]},"properties":{"name":"Dadevol","kind":"river"}},{"type":"Feature","geometry":{"type":"Point","coordinates":[-14.08637,16.30754]},"properties":{"name":"Dadevol","kind":"river"}},{"type":"Feature","geometry":{"type":"Point","coordinates":[-14.06434,16.28902]},"properties":{"name":"Dadevol","kind":"river"}},{"type":"Feature","geometry":{"type":"Point","coordinates":[-14.05532,16.27496]},"properties":{"name":"Dadevol","kind":"river"}},{"type":"Feature","geometry":{"type":"Point","coordinates":[-13.41655,16.04349]},"properties":{"name":"","kind":"river"}},{"type":"Feature","geometry":{"type":"Point","coordinates":[-13.47866,16.03035]},"properties":{"name":"","kind":"river"}},{"type":"Feature","geometry":{"type":"Point","coordinates":[-13.51496,16.02171]},"properties":{"name":"","kind":"river"}},{"type":"Feature","geometry":{"type":"Point","coordinates":[-13.60095,16.07298]},"properties":{"name":"","kind":"river"}},{"type":"Feature","geometry":{"type":"Point","coordinates":[-13.45917,16.03228]},"properties":{"name":"","kind":"river"}},{"type":"Feature","geometry":{"type":"Point","coordinates":[-13.58693,15.9824]},"properties":{"name":"","kind":"river"}},{"type":"Feature","geometry":{"type":"Point","coordinates":[-13.55055,15.97066]},"properties":{"name":"Marigot de Diammél","kind":"river"}},{"type":"Feature","geometry":{"type":"Point","coordinates":[-13.63535,15.99618]},"properties":{"name":"Marigot de Diammél","kind":"river"}},{"type":"Feature","geometry":{"type":"Point","coordinates":[-13.69582,16.18397]},"properties":{"name":"","kind":"river"}},{"type":"Feature","geometry":{"type":"Point","coordinates":[-13.54507,15.9681]},"properties":{"name":"","kind":"river"}},{"type":"Feature","geometry":{"type":"Point","coordinates":[-13.66502,16.07532]},"properties":{"name":"Aouldou","kind":"river"}},{"type":"Feature","geometry":{"type":"Point","coordinates":[-13.69274,16.00268]},"properties":{"name":"Forage d'Agnam-Goly","kind":"water"}},{"type":"Feature","geometry":{"type":"Point","coordinates":[-14.10779,13.77642]},"properties":{"name":"Ouok Ouok","kind":"river"}},{"type":"Feature","geometry":{"type":"Point","coordinates":[-14.05245,13.90582]},"properties":{"name":"Ouok Ouok","kind":"river"}},{"type":"Feature","geometry":{"type":"Point","coordinates":[-14.30812,13.25099]},"properties":{"name":"","kind":"river"}},{"type":"Feature","geometry":{"type":"Point","coordinates":[-13.68684,13.46157]},"properties":{"name":"Niaoulé","kind":"river"}},{"type":"Feature","geometry":{"type":"Point","coordinates":[-13.65229,13.48042]},"properties":{"name":"","kind":"river"}},{"type":"Feature","geometry":{"type":"Point","coordinates":[-13.06857,13.3926]},"properties":{"name":"Banlan Kountou","kind":"river"}},{"type":"Feature","geometry":{"type":"Point","coordinates":[-13.01827,13.27833]},"properties":{"name":"Mare de Dialabato","kind":"water"}},{"type":"Feature","geometry":{"type":"Point","coordinates":[-13.12816,13.46154]},"properties":{"name":"Banlan Kountou","kind":"river"}},{"type":"Feature","geometry":{"type":"Point","coordinates":[-13.88443,12.90066]},"properties":{"name":"Kayanga","kind":"river"}},{"type":"Feature","geometry":{"type":"Point","coordinates":[-13.95507,12.89098]},"properties":{"name":"Kayanga","kind":"river"}},{"type":"Feature","geometry":{"type":"Point","coordinates":[-14.11505,12.96987]},"properties":{"name":"Anambé","kind":"river"}},{"type":"Feature","geometry":{"type":"Point","coordinates":[-14.08885,12.89993]},"properties":{"name":"Anambé","kind":"river"}},{"type":"Feature","geometry":{"type":"Point","coordinates":[-14.1558,13.02252]},"properties":{"name":"","kind":"river"}},{"type":"Feature","geometry":{"type":"Point","coordinates":[-14.10446,12.82712]},"properties":{"name":"Kayanga","kind":"river"}},{"type":"Feature","geometry":{"type":"Point","coordinates":[-14.11872,12.82248]},"properties":{"name":"Kayanga","kind":"river"}},{"type":"Feature","geometry":{"type":"Point","coordinates":[-14.20451,12.81748]},"properties":{"name":"Kayanga","kind":"river"}},{"type":"Feature","geometry":{"type":"Point","coordinates":[-14.31094,12.71583]},"properties":{"name":"Kayanga","kind":"river"}},{"type":"Feature","geometry":{"type":"Point","coordinates":[-14.32797,12.71165]},"properties":{"name":"Kayanga","kind":"river"}},{"type":"Feature","geometry":{"type":"Point","coordinates":[-14.171,13.01029]},"properties":{"name":"","kind":"river"}},{"type":"Feature","geometry":{"type":"Point","coordinates":[-14.16717,13.01706]},"properties":{"name":"","kind":"river"}},{"type":"Feature","geometry":{"type":"Point","coordinates":[-14.17539,12.59529]},"properties":{"name":"Rio Bidigor","kind":"river"}},{"type":"Feature","geometry":{"type":"Point","coordinates":[-14.04224,12.65941]},"properties":{"name":"Mael Jaubè","kind":"river"}},{"type":"Feature","geometry":{"type":"Point","coordinates":[-14.18187,12.11457]},"properties":{"name":"","kind":"river"}},{"type":"Feature","geometry":{"type":"Point","coordinates":[-13.98241,12.18523]},"properties":{"name":"Rio Seli","kind":"river"}},{"type":"Feature","geometry":{"type":"Point","coordinates":[-14.00799,12.15364]},"properties":{"name":"","kind":"river"}},{"type":"Feature","geometry":{"type":"Point","coordinates":[-13.98049,12.14632]},"properties":{"name":"Rio Seli","kind":"river"}},{"type":"Feature","geometry":{"type":"Point","coordinates":[-14.00735,12.15305]},"properties":{"name":"","kind":"river"}},{"type":"Feature","geometry":{"type":"Point","coordinates":[-14.00101,12.15362]},"properties":{"name":"","kind":"river"}},{"type":"Feature","geometry":{"type":"Point","coordinates":[-14.00122,12.15454]},"properties":{"name":"","kind":"river"}},{"type":"Feature","geometry":{"type":"Point","coordinates":[-14.0019,12.14786]},"properties":{"name":"","kind":"river"}},{"type":"Feature","geometry":{"type":"Point","coordinates":[-14.00194,12.14819]},"properties":{"name":"","kind":"river"}},{"type":"Feature","geometry":{"type":"Point","coordinates":[-14.0029,12.14643]},"properties":{"name":"","kind":"river"}},{"type":"Feature","geometry":{"type":"Point","coordinates":[-13.96384,12.13878]},"properties":{"name":"","kind":"river"}},{"type":"Feature","geometry":{"type":"Point","coordinates":[-13.96384,12.13889]},"properties":{"name":"Rio Corubal","kind":"river"}},{"type":"Feature","geometry":{"type":"Point","coordinates":[-13.9699,12.1365]},"properties":{"name":"Rio Corubal","kind":"river"}},{"type":"Feature","geometry":{"type":"Point","coordinates":[-13.97271,12.13413]},"properties":{"name":"","kind":"river"}},{"type":"Feature","geometry":{"type":"Point","coordinates":[-13.97348,12.13282]},"properties":{"name":"","kind":"river"}},{"type":"Feature","geometry":{"type":"Point","coordinates":[-13.9758,12.12929]},"properties":{"name":"Rio Corubal","kind":"river"}},{"type":"Feature","geometry":{"type":"Point","coordinates":[-13.97204,12.13594]},"properties":{"name":"","kind":"river"}},{"type":"Feature","geometry":{"type":"Point","coordinates":[-13.97798,12.03497]},"properties":{"name":"","kind":"river"}},{"type":"Feature","geometry":{"type":"Point","coordinates":[-14.32403,12.18959]},"properties":{"name":"Rio Colufi","kind":"river"}},{"type":"Feature","geometry":{"type":"Point","coordinates":[-13.36501,13.35858]},"properties":{"name":"Mare de Léba","kind":"water"}},{"type":"Feature","geometry":{"type":"Point","coordinates":[-13.84909,13.37813]},"properties":{"name":"pump","kind":"water"}},{"type":"Feature","geometry":{"type":"Point","coordinates":[-13.3586,15.2196]},"properties":{"name":"Tiângol Haïré","kind":"river"}},{"type":"Feature","geometry":{"type":"Point","coordinates":[-13.15387,15.28977]},"properties":{"name":"Niaourél Vendou Amadi","kind":"river"}},{"type":"Feature","geometry":{"type":"Point","coordinates":[-14.34487,15.25213]},"properties":{"name":"Ferlo","kind":"river"}},{"type":"Feature","geometry":{"type":"Point","coordinates":[-13.54847,15.03121]},"properties":{"name":"Ferlo","kind":"river"}},{"type":"Feature","geometry":{"type":"Point","coordinates":[-14.20959,15.21309]},"properties":{"name":"Ferlo","kind":"river"}},{"type":"Feature","geometry":{"type":"Point","coordinates":[-13.33583,14.86171]},"properties":{"name":"Ferlo","kind":"river"}},{"type":"Feature","geometry":{"type":"Point","coordinates":[-13.6213,15.05656]},"properties":{"name":"","kind":"river"}},{"type":"Feature","geometry":{"type":"Point","coordinates":[-13.32283,14.84627]},"properties":{"name":"Ferlo","kind":"river"}},{"type":"Feature","geometry":{"type":"Point","coordinates":[-13.21575,14.78241]},"properties":{"name":"Ferlo","kind":"river"}},{"type":"Feature","geometry":{"type":"Point","coordinates":[-13.05212,14.79015]},"properties":{"name":"","kind":"river"}},{"type":"Feature","geometry":{"type":"Point","coordinates":[-13.01943,14.71231]},"properties":{"name":"Tschnagol Mayel","kind":"river"}},{"type":"Feature","geometry":{"type":"Point","coordinates":[-13.97177,15.24036]},"properties":{"name":"Ferlo","kind":"river"}},{"type":"Feature","geometry":{"type":"Point","coordinates":[-13.32588,15.5271]},"properties":{"name":"","kind":"river"}},{"type":"Feature","geometry":{"type":"Point","coordinates":[-13.33269,15.50307]},"properties":{"name":"","kind":"river"}},{"type":"Feature","geometry":{"type":"Point","coordinates":[-13.25657,15.59142]},"properties":{"name":"","kind":"river"}},{"type":"Feature","geometry":{"type":"Point","coordinates":[-13.23972,15.61602]},"properties":{"name":"","kind":"river"}},{"type":"Feature","geometry":{"type":"Point","coordinates":[-13.26263,15.59944]},"properties":{"name":"","kind":"river"}},{"type":"Feature","geometry":{"type":"Point","coordinates":[-13.22547,15.58484]},"properties":{"name":"","kind":"river"}},{"type":"Feature","geometry":{"type":"Point","coordinates":[-13.22224,15.57775]},"properties":{"name":"","kind":"river"}},{"type":"Feature","geometry":{"type":"Point","coordinates":[-13.22376,15.58108]},"properties":{"name":"","kind":"river"}},{"type":"Feature","geometry":{"type":"Point","coordinates":[-13.22143,15.57663]},"properties":{"name":"","kind":"river"}},{"type":"Feature","geometry":{"type":"Point","coordinates":[-13.21402,15.5727]},"properties":{"name":"","kind":"river"}},{"type":"Feature","geometry":{"type":"Point","coordinates":[-13.21742,15.59757]},"properties":{"name":"","kind":"river"}},{"type":"Feature","geometry":{"type":"Point","coordinates":[-13.20302,15.56766]},"properties":{"name":"","kind":"river"}},{"type":"Feature","geometry":{"type":"Point","coordinates":[-13.66633,15.3101]},"properties":{"name":"Loumbol","kind":"river"}},{"type":"Feature","geometry":{"type":"Point","coordinates":[-12.91287,15.13291]},"properties":{"name":"Tchangol Alas","kind":"river"}},{"type":"Feature","geometry":{"type":"Point","coordinates":[-12.98691,15.27384]},"properties":{"name":"","kind":"river"}},{"type":"Feature","geometry":{"type":"Point","coordinates":[-13.26253,13.02174]},"properties":{"name":"Mare de Bouloufing","kind":"water"}},{"type":"Feature","geometry":{"type":"Point","coordinates":[-13.36274,14.82955]},"properties":{"name":"","kind":"river"}},{"type":"Feature","geometry":{"type":"Point","coordinates":[-14.21524,16.54779]},"properties":{"name":"","kind":"river"}},{"type":"Feature","geometry":{"type":"Point","coordinates":[-14.27114,16.57289]},"properties":{"name":"نهر السنغال","kind":"river"}},{"type":"Feature","geometry":{"type":"Point","coordinates":[-12.82265,15.29468]},"properties":{"name":"","kind":"river"}},{"type":"Feature","geometry":{"type":"Point","coordinates":[-14.27009,12.77673]},"properties":{"name":"Kayanga","kind":"river"}},{"type":"Feature","geometry":{"type":"Point","coordinates":[-13.10689,12.8201]},"properties":{"name":"Gambia","kind":"water"}},{"type":"Feature","geometry":{"type":"Point","coordinates":[-13.14202,12.85311]},"properties":{"name":"Gambia","kind":"water"}},{"type":"Feature","geometry":{"type":"Point","coordinates":[-13.06153,12.7997]},"properties":{"name":"Gambia","kind":"water"}},{"type":"Feature","geometry":{"type":"Point","coordinates":[-13.12885,16.21565]},"properties":{"name":"كوركول","kind":"river"}},{"type":"Feature","geometry":{"type":"Point","coordinates":[-13.1494,16.19793]},"properties":{"name":"","kind":"river"}},{"type":"Feature","geometry":{"type":"Point","coordinates":[-12.97371,15.51114]},"properties":{"name":"","kind":"river"}},{"type":"Feature","geometry":{"type":"Point","coordinates":[-13.64554,16.00405]},"properties":{"name":"Marigot de Diammél","kind":"river"}},{"type":"Feature","geometry":{"type":"Point","coordinates":[-13.30221,15.55666]},"properties":{"name":"","kind":"river"}},{"type":"Feature","geometry":{"type":"Point","coordinates":[-13.15297,15.50306]},"properties":{"name":"Tchangol Bale","kind":"water"}},{"type":"Feature","geometry":{"type":"Point","coordinates":[-13.38386,15.70258]},"properties":{"name":"","kind":"river"}},{"type":"Feature","geometry":{"type":"Point","coordinates":[-12.95963,15.49754]},"properties":{"name":"","kind":"river"}},{"type":"Feature","geometry":{"type":"Point","coordinates":[-13.11242,15.31262]},"properties":{"name":"","kind":"river"}},{"type":"Feature","geometry":{"type":"Point","coordinates":[-13.10549,15.30888]},"properties":{"name":"","kind":"river"}},{"type":"Feature","geometry":{"type":"Point","coordinates":[-12.95474,15.49893]},"properties":{"name":"","kind":"river"}},{"type":"Feature","geometry":{"type":"Point","coordinates":[-13.12163,15.30898]},"properties":{"name":"","kind":"river"}},{"type":"Feature","geometry":{"type":"Point","coordinates":[-13.10829,15.26129]},"properties":{"name":"","kind":"river"}},{"type":"Feature","geometry":{"type":"Point","coordinates":[-13.04823,15.37411]},"properties":{"name":"","kind":"river"}},{"type":"Feature","geometry":{"type":"Point","coordinates":[-13.0124,15.28516]},"properties":{"name":"","kind":"river"}},{"type":"Feature","geometry":{"type":"Point","coordinates":[-13.09825,15.36649]},"properties":{"name":"","kind":"river"}},{"type":"Feature","geometry":{"type":"Point","coordinates":[-13.51447,15.9494]},"properties":{"name":"","kind":"river"}},{"type":"Feature","geometry":{"type":"Point","coordinates":[-13.12423,15.30033]},"properties":{"name":"","kind":"river"}},{"type":"Feature","geometry":{"type":"Point","coordinates":[-13.12423,15.2835]},"properties":{"name":"","kind":"river"}},{"type":"Feature","geometry":{"type":"Point","coordinates":[-13.12857,15.33194]},"properties":{"name":"","kind":"river"}},{"type":"Feature","geometry":{"type":"Point","coordinates":[-13.13119,15.25948]},"properties":{"name":"","kind":"river"}},{"type":"Feature","geometry":{"type":"Point","coordinates":[-13.12149,15.30898]},"properties":{"name":"","kind":"river"}},{"type":"Feature","geometry":{"type":"Point","coordinates":[-13.35311,15.75182]},"properties":{"name":"Marigot de Diammél","kind":"water"}},{"type":"Feature","geometry":{"type":"Point","coordinates":[-13.00202,15.36103]},"properties":{"name":"Tchangol Bale","kind":"water"}},{"type":"Feature","geometry":{"type":"Point","coordinates":[-13.0709,15.43906]},"properties":{"name":"Tchangol Bale","kind":"water"}},{"type":"Feature","geometry":{"type":"Point","coordinates":[-13.28942,15.76525]},"properties":{"name":"Fleuve Sénégal","kind":"water"}},{"type":"Feature","geometry":{"type":"Point","coordinates":[-13.08512,15.55012]},"properties":{"name":"Fleuve Sénégal","kind":"water"}},{"type":"Feature","geometry":{"type":"Point","coordinates":[-13.25235,15.66257]},"properties":{"name":"Fleuve Sénégal نهر السنغال","kind":"water"}},{"type":"Feature","geometry":{"type":"Point","coordinates":[-13.36089,15.74958]},"properties":{"name":"Marigot de Diammél","kind":"water"}},{"type":"Feature","geometry":{"type":"Point","coordinates":[-12.94545,15.30714]},"properties":{"name":"Tchangol Bale","kind":"water"}},{"type":"Feature","geometry":{"type":"Point","coordinates":[-13.70237,16.52935]},"properties":{"name":"Oued Guéllouâr","kind":"river"}},{"type":"Feature","geometry":{"type":"Point","coordinates":[-13.77164,16.39758]},"properties":{"name":"","kind":"river"}},{"type":"Feature","geometry":{"type":"Point","coordinates":[-13.73464,16.3456]},"properties":{"name":"","kind":"river"}},{"type":"Feature","geometry":{"type":"Point","coordinates":[-13.68672,16.32822]},"properties":{"name":"","kind":"river"}},{"type":"Feature","geometry":{"type":"Point","coordinates":[-13.65991,16.31224]},"properties":{"name":"","kind":"river"}},{"type":"Feature","geometry":{"type":"Point","coordinates":[-13.90694,16.3241]},"properties":{"name":"Anoss Fondé Elimane","kind":"water"}},{"type":"Feature","geometry":{"type":"Point","coordinates":[-13.91771,16.32697]},"properties":{"name":"","kind":"river"}},{"type":"Feature","geometry":{"type":"Point","coordinates":[-13.92965,16.33914]},"properties":{"name":"","kind":"river"}},{"type":"Feature","geometry":{"type":"Point","coordinates":[-12.96755,15.50808]},"properties":{"name":"","kind":"river"}},{"type":"Feature","geometry":{"type":"Point","coordinates":[-12.97139,15.50473]},"properties":{"name":"","kind":"river"}},{"type":"Feature","geometry":{"type":"Point","coordinates":[-12.96972,15.5093]},"properties":{"name":"","kind":"river"}},{"type":"Feature","geometry":{"type":"Point","coordinates":[-13.51993,16.13355]},"properties":{"name":"Sénégal نهر السنغال","kind":"river"}},{"type":"Feature","geometry":{"type":"Point","coordinates":[-13.61377,16.11503]},"properties":{"name":"Sénégal نهر السنغال","kind":"river"}},{"type":"Feature","geometry":{"type":"Point","coordinates":[-13.43121,16.18385]},"properties":{"name":"Gorgol كوركول","kind":"river"}},{"type":"Feature","geometry":{"type":"Point","coordinates":[-13.43295,16.18216]},"properties":{"name":"Gorgol كوركول","kind":"river"}},{"type":"Feature","geometry":{"type":"Point","coordinates":[-13.46237,16.16427]},"properties":{"name":"Gorgol كوركول","kind":"river"}},{"type":"Feature","geometry":{"type":"Point","coordinates":[-13.43148,16.18488]},"properties":{"name":"Gorgol كوركول","kind":"river"}},{"type":"Feature","geometry":{"type":"Point","coordinates":[-13.43315,16.18335]},"properties":{"name":"Gorgol كوركول","kind":"river"}},{"type":"Feature","geometry":{"type":"Point","coordinates":[-13.43276,16.18208]},"properties":{"name":"Gorgol كوركول","kind":"river"}},{"type":"Feature","geometry":{"type":"Point","coordinates":[-13.33923,16.02676]},"properties":{"name":"","kind":"river"}},{"type":"Feature","geometry":{"type":"Point","coordinates":[-12.96941,16.20838]},"properties":{"name":"Gorgol noir كوركول الأسود","kind":"river"}},{"type":"Feature","geometry":{"type":"Point","coordinates":[-12.9427,16.1472]},"properties":{"name":"","kind":"river"}},{"type":"Feature","geometry":{"type":"Point","coordinates":[-12.94568,16.1495]},"properties":{"name":"","kind":"river"}},{"type":"Feature","geometry":{"type":"Point","coordinates":[-12.92382,16.12328]},"properties":{"name":"","kind":"river"}},{"type":"Feature","geometry":{"type":"Point","coordinates":[-14.48025,13.01511]},"properties":{"name":"","kind":"river"}},{"type":"Feature","geometry":{"type":"Point","coordinates":[-13.60544,13.2]},"properties":{"name":"Koulountou","kind":"river"}},{"type":"Feature","geometry":{"type":"Point","coordinates":[-13.42351,13.0871]},"properties":{"name":"","kind":"river"}},{"type":"Feature","geometry":{"type":"Point","coordinates":[-13.37879,13.12056]},"properties":{"name":"Bambaya","kind":"river"}},{"type":"Feature","geometry":{"type":"Point","coordinates":[-13.02288,13.29272]},"properties":{"name":"Mare de Dalacounan","kind":"water"}},{"type":"Feature","geometry":{"type":"Point","coordinates":[-12.96794,13.07561]},"properties":{"name":"Niokolo Koba","kind":"water"}},{"type":"Feature","geometry":{"type":"Point","coordinates":[-12.86674,15.33731]},"properties":{"name":"Mairgot Boye","kind":"water"}},{"type":"Feature","geometry":{"type":"Point","coordinates":[-12.82745,16.79476]},"properties":{"name":"","kind":"river"}},{"type":"Feature","geometry":{"type":"Point","coordinates":[-12.83104,16.75418]},"properties":{"name":"","kind":"river"}},{"type":"Feature","geometry":{"type":"Point","coordinates":[-12.83926,16.71309]},"properties":{"name":"","kind":"river"}},{"type":"Feature","geometry":{"type":"Point","coordinates":[-12.84026,16.68589]},"properties":{"name":"","kind":"river"}},{"type":"Feature","geometry":{"type":"Point","coordinates":[-12.80265,16.64462]},"properties":{"name":"","kind":"river"}},{"type":"Feature","geometry":{"type":"Point","coordinates":[-14.24607,13.34209]},"properties":{"name":"Gambie","kind":"river"}},{"type":"Feature","geometry":{"type":"Point","coordinates":[-14.3281,13.3126]},"properties":{"name":"Sankutu Bolon","kind":"river"}},{"type":"Feature","geometry":{"type":"Point","coordinates":[-14.31314,13.30013]},"properties":{"name":"","kind":"river"}},{"type":"Feature","geometry":{"type":"Point","coordinates":[-14.31306,13.30002]},"properties":{"name":"","kind":"river"}},{"type":"Feature","geometry":{"type":"Point","coordinates":[-14.31295,13.29986]},"properties":{"name":"","kind":"river"}},{"type":"Feature","geometry":{"type":"Point","coordinates":[-14.29212,13.27185]},"properties":{"name":"","kind":"river"}},{"type":"Feature","geometry":{"type":"Point","coordinates":[-14.17969,13.37207]},"properties":{"name":"Gambie","kind":"river"}},{"type":"Feature","geometry":{"type":"Point","coordinates":[-13.9248,13.28573]},"properties":{"name":"","kind":"river"}},{"type":"Feature","geometry":{"type":"Point","coordinates":[-14.043,13.3999]},"properties":{"name":"Gambie","kind":"river"}},{"type":"Feature","geometry":{"type":"Point","coordinates":[-14.31351,13.34672]},"properties":{"name":"Gambie","kind":"river"}},{"type":"Feature","geometry":{"type":"Point","coordinates":[-14.246,13.42611]},"properties":{"name":"","kind":"river"}},{"type":"Feature","geometry":{"type":"Point","coordinates":[-14.06999,13.4337]},"properties":{"name":"Gambie","kind":"river"}},{"type":"Feature","geometry":{"type":"Point","coordinates":[-14.09482,13.33731]},"properties":{"name":"Well","kind":"water"}},{"type":"Feature","geometry":{"type":"Point","coordinates":[-14.09434,13.33816]},"properties":{"name":"Well","kind":"water"}},{"type":"Feature","geometry":{"type":"Point","coordinates":[-14.09484,13.33893]},"properties":{"name":"Pump","kind":"water"}},{"type":"Feature","geometry":{"type":"Point","coordinates":[-14.09463,13.3412]},"properties":{"name":"Pump","kind":"water"}},{"type":"Feature","geometry":{"type":"Point","coordinates":[-14.09539,13.34006]},"properties":{"name":"Well","kind":"water"}},{"type":"Feature","geometry":{"type":"Point","coordinates":[-14.09598,13.34109]},"properties":{"name":"Well","kind":"water"}},{"type":"Feature","geometry":{"type":"Point","coordinates":[-14.49911,15.7711]},"properties":{"name":"Badagor Namary","kind":"water"}},{"type":"Feature","geometry":{"type":"Point","coordinates":[-14.49454,15.84635]},"properties":{"name":"Loumbel","kind":"water"}},{"type":"Feature","geometry":{"type":"Point","coordinates":[-13.78875,12.41112]},"properties":{"name":"Rio Caium","kind":"river"}},{"type":"Feature","geometry":{"type":"Point","coordinates":[-13.4792,12.3305]},"properties":{"name":"","kind":"river"}},{"type":"Feature","geometry":{"type":"Point","coordinates":[-14.11117,13.33569]},"properties":{"name":"Pump","kind":"water"}},{"type":"Feature","geometry":{"type":"Point","coordinates":[-13.2862,12.64422]},"properties":{"name":"","kind":"river"}},{"type":"Feature","geometry":{"type":"Point","coordinates":[-14.04264,16.3949]},"properties":{"name":"","kind":"river"}},{"type":"Feature","geometry":{"type":"Point","coordinates":[-14.18332,12.43018]},"properties":{"name":"","kind":"river"}},{"type":"Feature","geometry":{"type":"Point","coordinates":[-14.47122,15.28802]},"properties":{"name":"Ferlo","kind":"river"}},{"type":"Feature","geometry":{"type":"Point","coordinates":[-14.46806,15.28678]},"properties":{"name":"Ferlo","kind":"river"}},{"type":"Feature","geometry":{"type":"Point","coordinates":[-14.34186,15.59884]},"properties":{"name":"","kind":"river"}},{"type":"Feature","geometry":{"type":"Point","coordinates":[-14.17433,16.48995]},"properties":{"name":"Sénégal نهر السنغال","kind":"river"}},{"type":"Feature","geometry":{"type":"Point","coordinates":[-14.2011,16.51041]},"properties":{"name":"Sénégal نهر السنغال","kind":"river"}},{"type":"Feature","geometry":{"type":"Point","coordinates":[-13.06145,15.51706]},"properties":{"name":"Sénégal السنغال","kind":"river"}},{"type":"Feature","geometry":{"type":"Point","coordinates":[-13.49461,16.1129]},"properties":{"name":"Sénégal السنغال","kind":"river"}},{"type":"Feature","geometry":{"type":"Point","coordinates":[-13.51858,16.1358]},"properties":{"name":"Sénégal نهر السنغال","kind":"river"}},{"type":"Feature","geometry":{"type":"Point","coordinates":[-13.6992,16.11546]},"properties":{"name":"Sénégal نهر السنغال","kind":"river"}},{"type":"Feature","geometry":{"type":"Point","coordinates":[-13.20213,15.62292]},"properties":{"name":"Sénégal السنغال","kind":"river"}},{"type":"Feature","geometry":{"type":"Point","coordinates":[-13.26117,15.77057]},"properties":{"name":"Sénégal السنغال","kind":"river"}},{"type":"Feature","geometry":{"type":"Point","coordinates":[-13.2461,15.6544]},"properties":{"name":"Sénégal السنغال","kind":"river"}},{"type":"Feature","geometry":{"type":"Point","coordinates":[-13.31786,15.88534]},"properties":{"name":"Sénégal السنغال","kind":"river"}},{"type":"Feature","geometry":{"type":"Point","coordinates":[-13.34462,15.94107]},"properties":{"name":"Sénégal السنغال","kind":"river"}},{"type":"Feature","geometry":{"type":"Point","coordinates":[-12.89673,15.3498]},"properties":{"name":"Sénégal السنغال","kind":"river"}},{"type":"Feature","geometry":{"type":"Point","coordinates":[-12.98833,15.47264]},"properties":{"name":"Sénégal السنغال","kind":"river"}},{"type":"Feature","geometry":{"type":"Point","coordinates":[-12.87826,15.24197]},"properties":{"name":"Sénégal السنغال","kind":"river"}},{"type":"Feature","geometry":{"type":"Point","coordinates":[-12.88355,15.26839]},"properties":{"name":"Sénégal السنغال","kind":"river"}},{"type":"Feature","geometry":{"type":"Point","coordinates":[-12.86753,15.26156]},"properties":{"name":"Sénégal السنغال","kind":"river"}},{"type":"Feature","geometry":{"type":"Point","coordinates":[-13.12619,15.59254]},"properties":{"name":"Sénégal السنغال","kind":"river"}},{"type":"Feature","geometry":{"type":"Point","coordinates":[-13.0895,15.56328]},"properties":{"name":"Sénégal السنغال","kind":"river"}},{"type":"Feature","geometry":{"type":"Point","coordinates":[-13.17039,12.90977]},"properties":{"name":"Gambie","kind":"river"}},{"type":"Feature","geometry":{"type":"Point","coordinates":[-13.06877,12.79671]},"properties":{"name":"Gambie","kind":"river"}},{"type":"Feature","geometry":{"type":"Point","coordinates":[-13.57181,13.07086]},"properties":{"name":"Koulountou","kind":"river"}},{"type":"Feature","geometry":{"type":"Point","coordinates":[-13.35229,13.29242]},"properties":{"name":"Gambie","kind":"river"}},{"type":"Feature","geometry":{"type":"Point","coordinates":[-13.93412,16.02827]},"properties":{"name":"","kind":"river"}},{"type":"Feature","geometry":{"type":"Point","coordinates":[-14.41512,13.05842]},"properties":{"name":"","kind":"river"}},{"type":"Feature","geometry":{"type":"Point","coordinates":[-14.44798,13.0395]},"properties":{"name":"","kind":"river"}},{"type":"Feature","geometry":{"type":"Point","coordinates":[-14.27022,12.78481]},"properties":{"name":"Kayanga","kind":"river"}},{"type":"Feature","geometry":{"type":"Point","coordinates":[-14.2851,12.76478]},"properties":{"name":"Kayanga","kind":"river"}},{"type":"Feature","geometry":{"type":"Point","coordinates":[-14.13515,13.02413]},"properties":{"name":"Anambé","kind":"river"}},{"type":"Feature","geometry":{"type":"Point","coordinates":[-13.92993,12.94838]},"properties":{"name":"","kind":"river"}},{"type":"Feature","geometry":{"type":"Point","coordinates":[-13.94905,12.8979]},"properties":{"name":"Kayanga","kind":"river"}},{"type":"Feature","geometry":{"type":"Point","coordinates":[-14.044,12.84177]},"properties":{"name":"Kayanga","kind":"river"}},{"type":"Feature","geometry":{"type":"Point","coordinates":[-14.12662,13.00439]},"properties":{"name":"Anambé","kind":"river"}},{"type":"Feature","geometry":{"type":"Point","coordinates":[-13.9594,12.87338]},"properties":{"name":"Kayanga","kind":"river"}},{"type":"Feature","geometry":{"type":"Point","coordinates":[-13.78485,12.83864]},"properties":{"name":"Kayanga","kind":"river"}},{"type":"Feature","geometry":{"type":"Point","coordinates":[-13.81417,12.87491]},"properties":{"name":"Kayanga","kind":"river"}},{"type":"Feature","geometry":{"type":"Point","coordinates":[-13.83205,12.89911]},"properties":{"name":"Kayanga","kind":"river"}},{"type":"Feature","geometry":{"type":"Point","coordinates":[-13.64509,13.26182]},"properties":{"name":"Gambie","kind":"river"}},{"type":"Feature","geometry":{"type":"Point","coordinates":[-13.74289,13.41816]},"properties":{"name":"Gambie","kind":"river"}},{"type":"Feature","geometry":{"type":"Point","coordinates":[-13.68004,13.28209]},"properties":{"name":"Gambie","kind":"river"}},{"type":"Feature","geometry":{"type":"Point","coordinates":[-13.58732,13.88544]},"properties":{"name":"Sandougou","kind":"river"}},{"type":"Feature","geometry":{"type":"Point","coordinates":[-13.59799,13.21039]},"properties":{"name":"Koulountou","kind":"river"}},{"type":"Feature","geometry":{"type":"Point","coordinates":[-13.72978,13.47289]},"properties":{"name":"Gambie","kind":"river"}},{"type":"Feature","geometry":{"type":"Point","coordinates":[-13.23007,15.68803]},"properties":{"name":"Sénégal السنغال","kind":"river"}},{"type":"Feature","geometry":{"type":"Point","coordinates":[-14.09243,15.30604]},"properties":{"name":"","kind":"river"}},{"type":"Feature","geometry":{"type":"Point","coordinates":[-14.07563,15.26309]},"properties":{"name":"","kind":"river"}},{"type":"Feature","geometry":{"type":"Point","coordinates":[-14.07855,15.262]},"properties":{"name":"","kind":"river"}},{"type":"Feature","geometry":{"type":"Point","coordinates":[-14.07173,15.26065]},"properties":{"name":"","kind":"river"}},{"type":"Feature","geometry":{"type":"Point","coordinates":[-14.07536,15.25948]},"properties":{"name":"","kind":"river"}},{"type":"Feature","geometry":{"type":"Point","coordinates":[-14.08266,15.25579]},"properties":{"name":"","kind":"river"}},{"type":"Feature","geometry":{"type":"Point","coordinates":[-14.07525,15.26154]},"properties":{"name":"","kind":"river"}},{"type":"Feature","geometry":{"type":"Point","coordinates":[-13.87615,15.31168]},"properties":{"name":"Loumbol","kind":"river"}},{"type":"Feature","geometry":{"type":"Point","coordinates":[-13.87682,15.31214]},"properties":{"name":"Loumbol","kind":"river"}},{"type":"Feature","geometry":{"type":"Point","coordinates":[-13.87789,15.31234]},"properties":{"name":"","kind":"river"}},{"type":"Feature","geometry":{"type":"Point","coordinates":[-13.8815,15.31233]},"properties":{"name":"","kind":"river"}},{"type":"Feature","geometry":{"type":"Point","coordinates":[-13.88273,15.31197]},"properties":{"name":"","kind":"river"}},{"type":"Feature","geometry":{"type":"Point","coordinates":[-13.87513,15.31286]},"properties":{"name":"","kind":"river"}},{"type":"Feature","geometry":{"type":"Point","coordinates":[-13.87571,15.31357]},"properties":{"name":"","kind":"river"}},{"type":"Feature","geometry":{"type":"Point","coordinates":[-13.88561,15.31268]},"properties":{"name":"","kind":"river"}},{"type":"Feature","geometry":{"type":"Point","coordinates":[-13.8802,15.3155]},"properties":{"name":"","kind":"river"}},{"type":"Feature","geometry":{"type":"Point","coordinates":[-13.09306,15.2478]},"properties":{"name":"","kind":"river"}},{"type":"Feature","geometry":{"type":"Point","coordinates":[-13.10376,15.24585]},"properties":{"name":"","kind":"river"}},{"type":"Feature","geometry":{"type":"Point","coordinates":[-13.10468,15.23428]},"properties":{"name":"","kind":"river"}},{"type":"Feature","geometry":{"type":"Point","coordinates":[-13.10061,15.23869]},"properties":{"name":"","kind":"river"}},{"type":"Feature","geometry":{"type":"Point","coordinates":[-13.10506,15.22348]},"properties":{"name":"","kind":"river"}},{"type":"Feature","geometry":{"type":"Point","coordinates":[-12.93697,16.33688]},"properties":{"name":"Oued Azgueïlem","kind":"river"}},{"type":"Feature","geometry":{"type":"Point","coordinates":[-12.84573,16.29957]},"properties":{"name":"Oûdeï Lout","kind":"river"}},{"type":"Feature","geometry":{"type":"Point","coordinates":[-13.08146,15.22874]},"properties":{"name":"","kind":"river"}},{"type":"Feature","geometry":{"type":"Point","coordinates":[-13.14202,15.23227]},"properties":{"name":"","kind":"river"}},{"type":"Feature","geometry":{"type":"Point","coordinates":[-13.0835,15.24331]},"properties":{"name":"","kind":"river"}},{"type":"Feature","geometry":{"type":"Point","coordinates":[-13.08974,15.24357]},"properties":{"name":"","kind":"river"}},{"type":"Feature","geometry":{"type":"Point","coordinates":[-13.1527,15.24246]},"properties":{"name":"","kind":"river"}},{"type":"Feature","geometry":{"type":"Point","coordinates":[-13.07195,15.22043]},"properties":{"name":"","kind":"river"}},{"type":"Feature","geometry":{"type":"Point","coordinates":[-13.32238,16.19557]},"properties":{"name":"Touldé Bâdi","kind":"water"}},{"type":"Feature","geometry":{"type":"Point","coordinates":[-13.27145,16.20012]},"properties":{"name":"Bélél Mbarôdi","kind":"water"}},{"type":"Feature","geometry":{"type":"Point","coordinates":[-13.04683,15.35459]},"properties":{"name":"","kind":"river"}},{"type":"Feature","geometry":{"type":"Point","coordinates":[-13.05042,15.33803]},"properties":{"name":"","kind":"river"}},{"type":"Feature","geometry":{"type":"Point","coordinates":[-12.87365,15.33416]},"properties":{"name":"zone inondable","kind":"water"}},{"type":"Feature","geometry":{"type":"Point","coordinates":[-12.99118,12.40472]},"properties":{"name":"","kind":"river"}},{"type":"Feature","geometry":{"type":"Point","coordinates":[-13.77234,16.07436]},"properties":{"name":"","kind":"river"}},{"type":"Feature","geometry":{"type":"Point","coordinates":[-13.75034,16.07657]},"properties":{"name":"Marigot de Diammél","kind":"river"}},{"type":"Feature","geometry":{"type":"Point","coordinates":[-13.74293,16.07043]},"properties":{"name":"Marigot de Diammél","kind":"river"}},{"type":"Feature","geometry":{"type":"Point","coordinates":[-13.731,16.06596]},"properties":{"name":"Marigot de Diammél","kind":"river"}},{"type":"Feature","geometry":{"type":"Point","coordinates":[-13.73879,16.07623]},"properties":{"name":"Tiamala","kind":"river"}},{"type":"Feature","geometry":{"type":"Point","coordinates":[-13.73806,16.06873]},"properties":{"name":"Marigot de Diammél","kind":"river"}},{"type":"Feature","geometry":{"type":"Point","coordinates":[-13.76946,16.08708]},"properties":{"name":"Tiamala","kind":"river"}},{"type":"Feature","geometry":{"type":"Point","coordinates":[-13.63796,16.06785]},"properties":{"name":"","kind":"river"}},{"type":"Feature","geometry":{"type":"Point","coordinates":[-13.66308,16.01792]},"properties":{"name":"Marigot de Diammél","kind":"river"}},{"type":"Feature","geometry":{"type":"Point","coordinates":[-13.66713,16.02027]},"properties":{"name":"Marigot de Diammél","kind":"river"}},{"type":"Feature","geometry":{"type":"Point","coordinates":[-13.66308,16.01814]},"properties":{"name":"Marigot de Diammél","kind":"river"}},{"type":"Feature","geometry":{"type":"Point","coordinates":[-13.67032,16.02187]},"properties":{"name":"Marigot de Diammél","kind":"river"}},{"type":"Feature","geometry":{"type":"Point","coordinates":[-13.67289,16.02331]},"properties":{"name":"Marigot de Diammél","kind":"river"}},{"type":"Feature","geometry":{"type":"Point","coordinates":[-13.67509,16.02618]},"properties":{"name":"Marigot de Diammél","kind":"river"}},{"type":"Feature","geometry":{"type":"Point","coordinates":[-13.65482,16.01199]},"properties":{"name":"Marigot de Diammél","kind":"river"}},{"type":"Feature","geometry":{"type":"Point","coordinates":[-13.63951,15.99845]},"properties":{"name":"Marigot de Diammél","kind":"river"}},{"type":"Feature","geometry":{"type":"Point","coordinates":[-13.57978,15.98438]},"properties":{"name":"Marigot de Diammél","kind":"river"}},{"type":"Feature","geometry":{"type":"Point","coordinates":[-13.60799,15.98741]},"properties":{"name":"Marigot de Diammél","kind":"river"}},{"type":"Feature","geometry":{"type":"Point","coordinates":[-13.57978,15.98381]},"properties":{"name":"Marigot de Diammél","kind":"river"}},{"type":"Feature","geometry":{"type":"Point","coordinates":[-13.63535,15.99608]},"properties":{"name":"Marigot de Diammél","kind":"river"}},{"type":"Feature","geometry":{"type":"Point","coordinates":[-13.51988,15.95169]},"properties":{"name":"Marigot de Diammél","kind":"river"}},{"type":"Feature","geometry":{"type":"Point","coordinates":[-13.54699,15.96896]},"properties":{"name":"","kind":"river"}},{"type":"Feature","geometry":{"type":"Point","coordinates":[-13.51389,15.94955]},"properties":{"name":"Marigot de Diammél","kind":"river"}},{"type":"Feature","geometry":{"type":"Point","coordinates":[-13.49883,15.94809]},"properties":{"name":"Marigot de Diammél","kind":"river"}},{"type":"Feature","geometry":{"type":"Point","coordinates":[-14.25131,16.4636]},"properties":{"name":"Tiéli Mayil","kind":"river"}},{"type":"Feature","geometry":{"type":"Point","coordinates":[-14.23832,16.42262]},"properties":{"name":"Tiéli Mayil","kind":"river"}},{"type":"Feature","geometry":{"type":"Point","coordinates":[-14.24255,16.46111]},"properties":{"name":"Tiéli Mayil","kind":"river"}},{"type":"Feature","geometry":{"type":"Point","coordinates":[-14.22586,16.44553]},"properties":{"name":"Tiéli Mayil","kind":"river"}},{"type":"Feature","geometry":{"type":"Point","coordinates":[-14.28779,16.48395]},"properties":{"name":"Tiéli Mayil","kind":"river"}},{"type":"Feature","geometry":{"type":"Point","coordinates":[-14.31785,16.50745]},"properties":{"name":"Tiéli Mayil","kind":"river"}},{"type":"Feature","geometry":{"type":"Point","coordinates":[-14.32086,16.50843]},"properties":{"name":"Tiéli Mayil","kind":"river"}},{"type":"Feature","geometry":{"type":"Point","coordinates":[-14.31987,16.50411]},"properties":{"name":"Tiéli Mayil","kind":"river"}},{"type":"Feature","geometry":{"type":"Point","coordinates":[-14.32201,16.5149]},"properties":{"name":"Tiéli Mayil","kind":"river"}},{"type":"Feature","geometry":{"type":"Point","coordinates":[-14.32627,16.51163]},"properties":{"name":"Tiéli Mayil","kind":"river"}},{"type":"Feature","geometry":{"type":"Point","coordinates":[-14.32876,16.52711]},"properties":{"name":"Tiéli Mayil","kind":"river"}},{"type":"Feature","geometry":{"type":"Point","coordinates":[-14.32647,16.5225]},"properties":{"name":"Tiéli Mayil","kind":"river"}},{"type":"Feature","geometry":{"type":"Point","coordinates":[-14.32862,16.5275]},"properties":{"name":"Tiéli Mayil","kind":"river"}},{"type":"Feature","geometry":{"type":"Point","coordinates":[-14.3315,16.52751]},"properties":{"name":"Tiéli Mayil","kind":"river"}},{"type":"Feature","geometry":{"type":"Point","coordinates":[-14.33472,16.52848]},"properties":{"name":"Tiéli Mayil","kind":"river"}},{"type":"Feature","geometry":{"type":"Point","coordinates":[-14.33631,16.52864]},"properties":{"name":"Tiéli Mayil","kind":"river"}},{"type":"Feature","geometry":{"type":"Point","coordinates":[-14.33762,16.52806]},"properties":{"name":"Tiéli Mayil","kind":"river"}},{"type":"Feature","geometry":{"type":"Point","coordinates":[-14.33762,16.52849]},"properties":{"name":"Tiéli Mayil","kind":"river"}},{"type":"Feature","geometry":{"type":"Point","coordinates":[-14.33472,16.52853]},"properties":{"name":"Tiéli Mayil","kind":"river"}},{"type":"Feature","geometry":{"type":"Point","coordinates":[-14.34315,16.53324]},"properties":{"name":"Tiéli Mayil","kind":"river"}},{"type":"Feature","geometry":{"type":"Point","coordinates":[-14.35124,16.53722]},"properties":{"name":"Tiéli Mayil","kind":"river"}},{"type":"Feature","geometry":{"type":"Point","coordinates":[-14.37304,16.51526]},"properties":{"name":"Tiéli Mayil","kind":"river"}},{"type":"Feature","geometry":{"type":"Point","coordinates":[-14.35881,16.53076]},"properties":{"name":"Tiéli Mayil","kind":"river"}},{"type":"Feature","geometry":{"type":"Point","coordinates":[-14.48518,16.58966]},"properties":{"name":"Tiéli Mayil","kind":"river"}},{"type":"Feature","geometry":{"type":"Point","coordinates":[-14.48664,16.5887]},"properties":{"name":"Tiéli Mayil","kind":"river"}},{"type":"Feature","geometry":{"type":"Point","coordinates":[-14.48787,16.58964]},"properties":{"name":"Tiéli Mayil","kind":"river"}},{"type":"Feature","geometry":{"type":"Point","coordinates":[-14.481,16.58991]},"properties":{"name":"Tiéli Mayil","kind":"river"}},{"type":"Feature","geometry":{"type":"Point","coordinates":[-14.48512,16.58392]},"properties":{"name":"Tiéli Mayil","kind":"river"}},{"type":"Feature","geometry":{"type":"Point","coordinates":[-13.79321,16.46337]},"properties":{"name":"Mohammed Saloum","kind":"river"}},{"type":"Feature","geometry":{"type":"Point","coordinates":[-13.47934,12.00611]},"properties":{"name":"Vendou Doumbia","kind":"water"}},{"type":"Feature","geometry":{"type":"Point","coordinates":[-13.81363,13.22216]},"properties":{"name":"","kind":"river"}},{"type":"Feature","geometry":{"type":"Point","coordinates":[-13.83618,13.23455]},"properties":{"name":"","kind":"river"}},{"type":"Feature","geometry":{"type":"Point","coordinates":[-13.83956,13.23516]},"properties":{"name":"","kind":"river"}},{"type":"Feature","geometry":{"type":"Point","coordinates":[-13.19709,15.64901]},"properties":{"name":"Della Ma","kind":"water"}},{"type":"Feature","geometry":{"type":"Point","coordinates":[-13.85538,13.23751]},"properties":{"name":"","kind":"river"}},{"type":"Feature","geometry":{"type":"Point","coordinates":[-13.88563,13.24518]},"properties":{"name":"","kind":"river"}},{"type":"Feature","geometry":{"type":"Point","coordinates":[-14.17708,12.99953]},"properties":{"name":"","kind":"river"}},{"type":"Feature","geometry":{"type":"Point","coordinates":[-13.79738,13.51165]},"properties":{"name":"","kind":"river"}},{"type":"Feature","geometry":{"type":"Point","coordinates":[-13.82582,13.5122]},"properties":{"name":"","kind":"river"}},{"type":"Feature","geometry":{"type":"Point","coordinates":[-13.79641,12.85102]},"properties":{"name":"Kayanga","kind":"river"}},{"type":"Feature","geometry":{"type":"Point","coordinates":[-13.96874,13.16343]},"properties":{"name":"","kind":"river"}},{"type":"Feature","geometry":{"type":"Point","coordinates":[-13.85679,15.52601]},"properties":{"name":"seasonal","kind":"water"}},{"type":"Feature","geometry":{"type":"Point","coordinates":[-13.85521,15.52483]},"properties":{"name":"seasonal","kind":"water"}},{"type":"Feature","geometry":{"type":"Point","coordinates":[-14.06967,16.24787]},"properties":{"name":"","kind":"river"}},{"type":"Feature","geometry":{"type":"Point","coordinates":[-13.93497,12.97647]},"properties":{"name":"","kind":"river"}},{"type":"Feature","geometry":{"type":"Point","coordinates":[-14.20652,12.97253]},"properties":{"name":"","kind":"river"}},{"type":"Feature","geometry":{"type":"Point","coordinates":[-14.18586,12.99538]},"properties":{"name":"","kind":"river"}},{"type":"Feature","geometry":{"type":"Point","coordinates":[-14.17571,13.00322]},"properties":{"name":"","kind":"river"}},{"type":"Feature","geometry":{"type":"Point","coordinates":[-14.2003,12.99034]},"properties":{"name":"","kind":"river"}},{"type":"Feature","geometry":{"type":"Point","coordinates":[-14.14585,13.03149]},"properties":{"name":"Anambé","kind":"river"}},{"type":"Feature","geometry":{"type":"Point","coordinates":[-13.5138,16.09443]},"properties":{"name":"","kind":"river"}},{"type":"Feature","geometry":{"type":"Point","coordinates":[-13.51519,16.09399]},"properties":{"name":"","kind":"river"}},{"type":"Feature","geometry":{"type":"Point","coordinates":[-14.21204,16.37024]},"properties":{"name":"","kind":"river"}},{"type":"Feature","geometry":{"type":"Point","coordinates":[-13.91844,16.08188]},"properties":{"name":"","kind":"river"}},{"type":"Feature","geometry":{"type":"Point","coordinates":[-13.91903,16.07]},"properties":{"name":"","kind":"river"}},{"type":"Feature","geometry":{"type":"Point","coordinates":[-14.32722,12.24087]},"properties":{"name":"","kind":"river"}},{"type":"Feature","geometry":{"type":"Point","coordinates":[-14.29879,12.21908]},"properties":{"name":"","kind":"river"}},{"type":"Feature","geometry":{"type":"Point","coordinates":[-14.31524,12.23977]},"properties":{"name":"","kind":"river"}},{"type":"Feature","geometry":{"type":"Point","coordinates":[-14.34215,12.24481]},"properties":{"name":"","kind":"river"}},{"type":"Feature","geometry":{"type":"Point","coordinates":[-14.28402,12.24486]},"properties":{"name":"","kind":"river"}},{"type":"Feature","geometry":{"type":"Point","coordinates":[-14.11677,16.32206]},"properties":{"name":"Dadevol","kind":"river"}},{"type":"Feature","geometry":{"type":"Point","coordinates":[-13.9822,12.08498]},"properties":{"name":"","kind":"river"}},{"type":"Feature","geometry":{"type":"Point","coordinates":[-14.24579,12.25004]},"properties":{"name":"","kind":"river"}},{"type":"Feature","geometry":{"type":"Point","coordinates":[-14.24715,12.24317]},"properties":{"name":"","kind":"river"}},{"type":"Feature","geometry":{"type":"Point","coordinates":[-14.25105,12.25138]},"properties":{"name":"","kind":"river"}},{"type":"Feature","geometry":{"type":"Point","coordinates":[-14.27338,12.2511]},"properties":{"name":"","kind":"river"}},{"type":"Feature","geometry":{"type":"Point","coordinates":[-14.20795,12.24649]},"properties":{"name":"","kind":"river"}},{"type":"Feature","geometry":{"type":"Point","coordinates":[-14.2276,12.27223]},"properties":{"name":"","kind":"river"}},{"type":"Feature","geometry":{"type":"Point","coordinates":[-14.23818,12.28017]},"properties":{"name":"","kind":"river"}},{"type":"Feature","geometry":{"type":"Point","coordinates":[-14.23704,12.27819]},"properties":{"name":"","kind":"river"}},{"type":"Feature","geometry":{"type":"Point","coordinates":[-14.23751,12.27891]},"properties":{"name":"","kind":"river"}},{"type":"Feature","geometry":{"type":"Point","coordinates":[-14.23796,12.27958]},"properties":{"name":"","kind":"river"}},{"type":"Feature","geometry":{"type":"Point","coordinates":[-14.23849,12.28096]},"properties":{"name":"","kind":"river"}},{"type":"Feature","geometry":{"type":"Point","coordinates":[-14.23843,12.28077]},"properties":{"name":"","kind":"river"}},{"type":"Feature","geometry":{"type":"Point","coordinates":[-14.16361,12.1342]},"properties":{"name":"","kind":"river"}},{"type":"Feature","geometry":{"type":"Point","coordinates":[-14.15817,12.12024]},"properties":{"name":"","kind":"river"}},{"type":"Feature","geometry":{"type":"Point","coordinates":[-14.14644,12.11968]},"properties":{"name":"","kind":"river"}},{"type":"Feature","geometry":{"type":"Point","coordinates":[-14.14016,12.12575]},"properties":{"name":"","kind":"river"}},{"type":"Feature","geometry":{"type":"Point","coordinates":[-14.17096,12.13374]},"properties":{"name":"","kind":"river"}},{"type":"Feature","geometry":{"type":"Point","coordinates":[-14.14949,12.16594]},"properties":{"name":"","kind":"river"}},{"type":"Feature","geometry":{"type":"Point","coordinates":[-14.1308,12.18178]},"properties":{"name":"","kind":"river"}},{"type":"Feature","geometry":{"type":"Point","coordinates":[-14.18878,12.32886]},"properties":{"name":"","kind":"river"}},{"type":"Feature","geometry":{"type":"Point","coordinates":[-14.19457,12.33676]},"properties":{"name":"","kind":"river"}},{"type":"Feature","geometry":{"type":"Point","coordinates":[-13.74384,16.0763]},"properties":{"name":"","kind":"river"}},{"type":"Feature","geometry":{"type":"Point","coordinates":[-13.7791,16.08982]},"properties":{"name":"","kind":"river"}},{"type":"Feature","geometry":{"type":"Point","coordinates":[-14.47562,12.03809]},"properties":{"name":"","kind":"river"}},{"type":"Feature","geometry":{"type":"Point","coordinates":[-14.44647,12.0461]},"properties":{"name":"","kind":"river"}},{"type":"Feature","geometry":{"type":"Point","coordinates":[-14.42831,12.05897]},"properties":{"name":"","kind":"river"}},{"type":"Feature","geometry":{"type":"Point","coordinates":[-14.45106,12.02401]},"properties":{"name":"","kind":"river"}},{"type":"Feature","geometry":{"type":"Point","coordinates":[-14.4472,12.03339]},"properties":{"name":"","kind":"river"}},{"type":"Feature","geometry":{"type":"Point","coordinates":[-14.43304,12.03896]},"properties":{"name":"","kind":"river"}},{"type":"Feature","geometry":{"type":"Point","coordinates":[-14.43304,12.03426]},"properties":{"name":"","kind":"river"}},{"type":"Feature","geometry":{"type":"Point","coordinates":[-14.44807,12.06069]},"properties":{"name":"","kind":"river"}},{"type":"Feature","geometry":{"type":"Point","coordinates":[-14.49017,12.06354]},"properties":{"name":"","kind":"river"}},{"type":"Feature","geometry":{"type":"Point","coordinates":[-14.47196,12.05483]},"properties":{"name":"","kind":"river"}},{"type":"Feature","geometry":{"type":"Point","coordinates":[-13.47263,15.92184]},"properties":{"name":"Marigot de Diammél","kind":"river"}},{"type":"Feature","geometry":{"type":"Point","coordinates":[-13.46447,15.9073]},"properties":{"name":"Marigot de Diammél","kind":"river"}},{"type":"Feature","geometry":{"type":"Point","coordinates":[-14.12261,16.33862]},"properties":{"name":"","kind":"river"}},{"type":"Feature","geometry":{"type":"Point","coordinates":[-14.36874,16.54429]},"properties":{"name":"","kind":"river"}},{"type":"Feature","geometry":{"type":"Point","coordinates":[-14.35951,16.46517]},"properties":{"name":"","kind":"river"}},{"type":"Feature","geometry":{"type":"Point","coordinates":[-14.47449,12.0055]},"properties":{"name":"","kind":"river"}},{"type":"Feature","geometry":{"type":"Point","coordinates":[-12.80967,15.53716]},"properties":{"name":"","kind":"river"}},{"type":"Feature","geometry":{"type":"Point","coordinates":[-12.80668,15.50804]},"properties":{"name":"","kind":"river"}},{"type":"Feature","geometry":{"type":"Point","coordinates":[-12.81202,15.50083]},"properties":{"name":"","kind":"river"}},{"type":"Feature","geometry":{"type":"Point","coordinates":[-12.83253,15.36302]},"properties":{"name":"","kind":"river"}},{"type":"Feature","geometry":{"type":"Point","coordinates":[-14.09858,16.43766]},"properties":{"name":"Saré Souki","kind":"water"}},{"type":"Feature","geometry":{"type":"Point","coordinates":[-13.61646,16.06401]},"properties":{"name":"","kind":"river"}},{"type":"Feature","geometry":{"type":"Point","coordinates":[-13.44741,12.37786]},"properties":{"name":"","kind":"river"}},{"type":"Feature","geometry":{"type":"Point","coordinates":[-13.45009,12.37271]},"properties":{"name":"","kind":"river"}},{"type":"Feature","geometry":{"type":"Point","coordinates":[-13.48201,12.0343]},"properties":{"name":"Vendou Mamborou","kind":"water"}},{"type":"Feature","geometry":{"type":"Point","coordinates":[-12.8069,16.11915]},"properties":{"name":"","kind":"river"}},{"type":"Feature","geometry":{"type":"Point","coordinates":[-12.80224,16.11424]},"properties":{"name":"","kind":"river"}},{"type":"Feature","geometry":{"type":"Point","coordinates":[-12.80588,16.13172]},"properties":{"name":"","kind":"river"}},{"type":"Feature","geometry":{"type":"Point","coordinates":[-12.83244,15.57036]},"properties":{"name":"","kind":"river"}},{"type":"Feature","geometry":{"type":"Point","coordinates":[-12.82678,15.59895]},"properties":{"name":"","kind":"river"}},{"type":"Feature","geometry":{"type":"Point","coordinates":[-13.71763,16.18434]},"properties":{"name":"","kind":"river"}},{"type":"Feature","geometry":{"type":"Point","coordinates":[-13.33268,16.02385]},"properties":{"name":"","kind":"river"}},{"type":"Feature","geometry":{"type":"Point","coordinates":[-13.34457,16.03354]},"properties":{"name":"","kind":"river"}},{"type":"Feature","geometry":{"type":"Point","coordinates":[-13.33942,16.03619]},"properties":{"name":"","kind":"river"}},{"type":"Feature","geometry":{"type":"Point","coordinates":[-13.34097,16.01926]},"properties":{"name":"","kind":"river"}},{"type":"Feature","geometry":{"type":"Point","coordinates":[-13.33437,16.02113]},"properties":{"name":"","kind":"river"}},{"type":"Feature","geometry":{"type":"Point","coordinates":[-13.73919,16.45971]},"properties":{"name":"","kind":"river"}},{"type":"Feature","geometry":{"type":"Point","coordinates":[-13.74217,16.45954]},"properties":{"name":"","kind":"river"}},{"type":"Feature","geometry":{"type":"Point","coordinates":[-13.74074,16.46076]},"properties":{"name":"","kind":"river"}},{"type":"Feature","geometry":{"type":"Point","coordinates":[-13.73499,16.45968]},"properties":{"name":"","kind":"river"}},{"type":"Feature","geometry":{"type":"Point","coordinates":[-12.8958,16.23993]},"properties":{"name":"","kind":"river"}},{"type":"Feature","geometry":{"type":"Point","coordinates":[-14.35189,16.64718]},"properties":{"name":"","kind":"river"}},{"type":"Feature","geometry":{"type":"Point","coordinates":[-13.97538,16.25179]},"properties":{"name":"","kind":"river"}},{"type":"Feature","geometry":{"type":"Point","coordinates":[-13.97956,16.36686]},"properties":{"name":"","kind":"river"}},{"type":"Feature","geometry":{"type":"Point","coordinates":[-13.38212,16.1922]},"properties":{"name":"","kind":"river"}},{"type":"Feature","geometry":{"type":"Point","coordinates":[-13.39435,16.18156]},"properties":{"name":"","kind":"river"}},{"type":"Feature","geometry":{"type":"Point","coordinates":[-13.40582,16.18928]},"properties":{"name":"","kind":"river"}},{"type":"Feature","geometry":{"type":"Point","coordinates":[-12.91558,16.69776]},"properties":{"name":"","kind":"river"}},{"type":"Feature","geometry":{"type":"Point","coordinates":[-13.23256,16.17014]},"properties":{"name":"","kind":"river"}},{"type":"Feature","geometry":{"type":"Point","coordinates":[-13.219,16.18519]},"properties":{"name":"","kind":"river"}},{"type":"Feature","geometry":{"type":"Point","coordinates":[-13.21811,16.19194]},"properties":{"name":"","kind":"river"}},{"type":"Feature","geometry":{"type":"Point","coordinates":[-13.21873,16.19042]},"properties":{"name":"","kind":"river"}},{"type":"Feature","geometry":{"type":"Point","coordinates":[-13.2024,16.16689]},"properties":{"name":"","kind":"river"}},{"type":"Feature","geometry":{"type":"Point","coordinates":[-13.20374,16.16943]},"properties":{"name":"","kind":"river"}},{"type":"Feature","geometry":{"type":"Point","coordinates":[-13.19533,16.1677]},"properties":{"name":"","kind":"river"}},{"type":"Feature","geometry":{"type":"Point","coordinates":[-13.17474,16.165]},"properties":{"name":"","kind":"river"}},{"type":"Feature","geometry":{"type":"Point","coordinates":[-13.16024,16.16705]},"properties":{"name":"","kind":"river"}},{"type":"Feature","geometry":{"type":"Point","coordinates":[-13.23742,16.17588]},"properties":{"name":"","kind":"river"}},{"type":"Feature","geometry":{"type":"Point","coordinates":[-13.23601,16.13031]},"properties":{"name":"","kind":"river"}},{"type":"Feature","geometry":{"type":"Point","coordinates":[-13.20915,16.16024]},"properties":{"name":"","kind":"river"}},{"type":"Feature","geometry":{"type":"Point","coordinates":[-13.17627,16.15015]},"properties":{"name":"","kind":"river"}},{"type":"Feature","geometry":{"type":"Point","coordinates":[-13.17717,16.1565]},"properties":{"name":"","kind":"river"}},{"type":"Feature","geometry":{"type":"Point","coordinates":[-13.17296,16.15913]},"properties":{"name":"","kind":"river"}},{"type":"Feature","geometry":{"type":"Point","coordinates":[-13.18518,16.15653]},"properties":{"name":"","kind":"river"}},{"type":"Feature","geometry":{"type":"Point","coordinates":[-13.71482,16.20555]},"properties":{"name":"","kind":"river"}},{"type":"Feature","geometry":{"type":"Point","coordinates":[-13.37677,16.19126]},"properties":{"name":"","kind":"river"}},{"type":"Feature","geometry":{"type":"Point","coordinates":[-12.84097,16.56732]},"properties":{"name":"","kind":"river"}},{"type":"Feature","geometry":{"type":"Point","coordinates":[-12.92482,16.10624]},"properties":{"name":"","kind":"river"}},{"type":"Feature","geometry":{"type":"Point","coordinates":[-12.92326,16.11043]},"properties":{"name":"","kind":"river"}},{"type":"Feature","geometry":{"type":"Point","coordinates":[-13.19376,16.15781]},"properties":{"name":"","kind":"river"}},{"type":"Feature","geometry":{"type":"Point","coordinates":[-12.85247,16.10389]},"properties":{"name":"","kind":"river"}},{"type":"Feature","geometry":{"type":"Point","coordinates":[-12.85107,16.10208]},"properties":{"name":"","kind":"river"}},{"type":"Feature","geometry":{"type":"Point","coordinates":[-12.94026,16.08797]},"properties":{"name":"","kind":"river"}},{"type":"Feature","geometry":{"type":"Point","coordinates":[-12.9286,16.08311]},"properties":{"name":"","kind":"river"}},{"type":"Feature","geometry":{"type":"Point","coordinates":[-12.90105,16.13413]},"properties":{"name":"","kind":"river"}},{"type":"Feature","geometry":{"type":"Point","coordinates":[-12.86101,16.14225]},"properties":{"name":"","kind":"river"}},{"type":"Feature","geometry":{"type":"Point","coordinates":[-12.95294,16.34545]},"properties":{"name":"","kind":"river"}},{"type":"Feature","geometry":{"type":"Point","coordinates":[-12.87647,16.32167]},"properties":{"name":"","kind":"river"}},{"type":"Feature","geometry":{"type":"Point","coordinates":[-12.86344,16.33722]},"properties":{"name":"","kind":"river"}},{"type":"Feature","geometry":{"type":"Point","coordinates":[-12.87222,16.32807]},"properties":{"name":"","kind":"river"}},{"type":"Feature","geometry":{"type":"Point","coordinates":[-12.86809,15.39414]},"properties":{"name":"","kind":"river"}},{"type":"Feature","geometry":{"type":"Point","coordinates":[-12.87303,15.38851]},"properties":{"name":"","kind":"river"}},{"type":"Feature","geometry":{"type":"Point","coordinates":[-12.80795,15.35895]},"properties":{"name":"","kind":"river"}},{"type":"Feature","geometry":{"type":"Point","coordinates":[-12.89768,15.49649]},"properties":{"name":"Oued Garfa وادي كارفا","kind":"river"}},{"type":"Feature","geometry":{"type":"Point","coordinates":[-12.8265,15.25353]},"properties":{"name":"","kind":"river"}},{"type":"Feature","geometry":{"type":"Point","coordinates":[-13.76015,16.43872]},"properties":{"name":"","kind":"river"}},{"type":"Feature","geometry":{"type":"Point","coordinates":[-13.98698,16.59229]},"properties":{"name":"Diendj","kind":"water"}},{"type":"Feature","geometry":{"type":"Point","coordinates":[-13.73205,16.47806]},"properties":{"name":"Tiângol Meldiam","kind":"river"}},{"type":"Feature","geometry":{"type":"Point","coordinates":[-13.01946,15.52081]},"properties":{"name":"","kind":"river"}},{"type":"Feature","geometry":{"type":"Point","coordinates":[-13.01798,15.5242]},"properties":{"name":"","kind":"river"}},{"type":"Feature","geometry":{"type":"Point","coordinates":[-13.01301,15.52457]},"properties":{"name":"","kind":"river"}},{"type":"Feature","geometry":{"type":"Point","coordinates":[-12.92514,15.3979]},"properties":{"name":"","kind":"river"}},{"type":"Feature","geometry":{"type":"Point","coordinates":[-12.88225,15.47555]},"properties":{"name":"","kind":"river"}},{"type":"Feature","geometry":{"type":"Point","coordinates":[-12.87808,15.39561]},"properties":{"name":"","kind":"river"}},{"type":"Feature","geometry":{"type":"Point","coordinates":[-12.89076,15.43816]},"properties":{"name":"","kind":"river"}},{"type":"Feature","geometry":{"type":"Point","coordinates":[-13.58536,16.04728]},"properties":{"name":"","kind":"river"}},{"type":"Feature","geometry":{"type":"Point","coordinates":[-13.52788,16.0798]},"properties":{"name":"","kind":"river"}},{"type":"Feature","geometry":{"type":"Point","coordinates":[-13.56098,16.07321]},"properties":{"name":"","kind":"river"}},{"type":"Feature","geometry":{"type":"Point","coordinates":[-13.57777,16.06069]},"properties":{"name":"","kind":"river"}},{"type":"Feature","geometry":{"type":"Point","coordinates":[-13.67438,16.14705]},"properties":{"name":"Faramzaye","kind":"water"}},{"type":"Feature","geometry":{"type":"Point","coordinates":[-13.88493,14.18785]},"properties":{"name":"Kelekogne mare","kind":"water"}},{"type":"Feature","geometry":{"type":"Point","coordinates":[-13.20867,15.51563]},"properties":{"name":"","kind":"well"}},{"type":"Feature","geometry":{"type":"Point","coordinates":[-14.16128,15.21523]},"properties":{"name":"","kind":"well"}},{"type":"Feature","geometry":{"type":"Point","coordinates":[-13.96195,15.29688]},"properties":{"name":"","kind":"well"}},{"type":"Feature","geometry":{"type":"Point","coordinates":[-13.84686,13.3772]},"properties":{"name":"","kind":"well"}},{"type":"Feature","geometry":{"type":"Point","coordinates":[-13.29737,15.07748]},"properties":{"name":"","kind":"well"}},{"type":"Feature","geometry":{"type":"Point","coordinates":[-14.11253,15.12597]},"properties":{"name":"","kind":"well"}},{"type":"Feature","geometry":{"type":"Point","coordinates":[-14.04796,15.10403]},"properties":{"name":"","kind":"well"}},{"type":"Feature","geometry":{"type":"Point","coordinates":[-13.98324,15.00979]},"properties":{"name":"","kind":"well"}},{"type":"Feature","geometry":{"type":"Point","coordinates":[-13.91509,15.0459]},"properties":{"name":"","kind":"well"}},{"type":"Feature","geometry":{"type":"Point","coordinates":[-13.89277,15.07461]},"properties":{"name":"","kind":"well"}},{"type":"Feature","geometry":{"type":"Point","coordinates":[-13.95236,15.03225]},"properties":{"name":"","kind":"well"}},{"type":"Feature","geometry":{"type":"Point","coordinates":[-14.15322,15.10292]},"properties":{"name":"","kind":"well"}},{"type":"Feature","geometry":{"type":"Point","coordinates":[-13.98034,15.27373]},"properties":{"name":"","kind":"well"}},{"type":"Feature","geometry":{"type":"Point","coordinates":[-13.83566,15.43836]},"properties":{"name":"","kind":"well"}},{"type":"Feature","geometry":{"type":"Point","coordinates":[-13.86506,15.32187]},"properties":{"name":"","kind":"well"}},{"type":"Feature","geometry":{"type":"Point","coordinates":[-13.77958,15.30215]},"properties":{"name":"","kind":"well"}},{"type":"Feature","geometry":{"type":"Point","coordinates":[-13.73749,15.32423]},"properties":{"name":"","kind":"well"}},{"type":"Feature","geometry":{"type":"Point","coordinates":[-13.65317,15.36688]},"properties":{"name":"","kind":"well"}},{"type":"Feature","geometry":{"type":"Point","coordinates":[-13.63586,15.38333]},"properties":{"name":"","kind":"well"}},{"type":"Feature","geometry":{"type":"Point","coordinates":[-13.70424,15.17798]},"properties":{"name":"","kind":"well"}},{"type":"Feature","geometry":{"type":"Point","coordinates":[-13.71473,15.17327]},"properties":{"name":"","kind":"well"}},{"type":"Feature","geometry":{"type":"Point","coordinates":[-13.65423,15.12837]},"properties":{"name":"","kind":"well"}},{"type":"Feature","geometry":{"type":"Point","coordinates":[-13.64547,15.08045]},"properties":{"name":"","kind":"well"}},{"type":"Feature","geometry":{"type":"Point","coordinates":[-13.6447,15.08278]},"properties":{"name":"","kind":"well"}},{"type":"Feature","geometry":{"type":"Point","coordinates":[-13.60936,15.04315]},"properties":{"name":"","kind":"well"}},{"type":"Feature","geometry":{"type":"Point","coordinates":[-13.55689,15.0098]},"properties":{"name":"","kind":"well"}},{"type":"Feature","geometry":{"type":"Point","coordinates":[-13.55395,14.99582]},"properties":{"name":"","kind":"well"}},{"type":"Feature","geometry":{"type":"Point","coordinates":[-13.48232,14.93488]},"properties":{"name":"","kind":"well"}},{"type":"Feature","geometry":{"type":"Point","coordinates":[-13.43323,14.95807]},"properties":{"name":"","kind":"well"}},{"type":"Feature","geometry":{"type":"Point","coordinates":[-13.37976,14.90637]},"properties":{"name":"","kind":"well"}},{"type":"Feature","geometry":{"type":"Point","coordinates":[-13.26393,14.76896]},"properties":{"name":"","kind":"well"}},{"type":"Feature","geometry":{"type":"Point","coordinates":[-13.21726,14.70053]},"properties":{"name":"","kind":"well"}},{"type":"Feature","geometry":{"type":"Point","coordinates":[-13.31552,14.65567]},"properties":{"name":"","kind":"well"}},{"type":"Feature","geometry":{"type":"Point","coordinates":[-13.26777,14.62621]},"properties":{"name":"","kind":"well"}},{"type":"Feature","geometry":{"type":"Point","coordinates":[-13.23462,14.5985]},"properties":{"name":"","kind":"well"}},{"type":"Feature","geometry":{"type":"Point","coordinates":[-13.19405,14.56034]},"properties":{"name":"","kind":"well"}},{"type":"Feature","geometry":{"type":"Point","coordinates":[-13.38744,14.66798]},"properties":{"name":"","kind":"well"}},{"type":"Feature","geometry":{"type":"Point","coordinates":[-13.38297,14.67033]},"properties":{"name":"","kind":"well"}},{"type":"Feature","geometry":{"type":"Point","coordinates":[-13.4168,14.68895]},"properties":{"name":"","kind":"well"}},{"type":"Feature","geometry":{"type":"Point","coordinates":[-13.33967,14.84737]},"properties":{"name":"","kind":"well"}},{"type":"Feature","geometry":{"type":"Point","coordinates":[-13.08473,14.72424]},"properties":{"name":"","kind":"well"}},{"type":"Feature","geometry":{"type":"Point","coordinates":[-12.82531,14.6966]},"properties":{"name":"","kind":"well"}},{"type":"Feature","geometry":{"type":"Point","coordinates":[-12.82565,14.69771]},"properties":{"name":"Patouki","kind":"well"}},{"type":"Feature","geometry":{"type":"Point","coordinates":[-13.90176,15.27163]},"properties":{"name":"","kind":"well"}},{"type":"Feature","geometry":{"type":"Point","coordinates":[-13.93652,15.26179]},"properties":{"name":"","kind":"well"}},{"type":"Feature","geometry":{"type":"Point","coordinates":[-13.86999,15.24901]},"properties":{"name":"","kind":"well"}},{"type":"Feature","geometry":{"type":"Point","coordinates":[-13.83751,15.22652]},"properties":{"name":"","kind":"well"}},{"type":"Feature","geometry":{"type":"Point","coordinates":[-13.82873,15.21229]},"properties":{"name":"","kind":"well"}},{"type":"Feature","geometry":{"type":"Point","coordinates":[-13.80314,15.19518]},"properties":{"name":"","kind":"well"}},{"type":"Feature","geometry":{"type":"Point","coordinates":[-13.80404,15.17367]},"properties":{"name":"","kind":"well"}},{"type":"Feature","geometry":{"type":"Point","coordinates":[-13.77651,15.15789]},"properties":{"name":"","kind":"well"}},{"type":"Feature","geometry":{"type":"Point","coordinates":[-13.78439,15.16854]},"properties":{"name":"","kind":"well"}},{"type":"Feature","geometry":{"type":"Point","coordinates":[-13.7677,15.13404]},"properties":{"name":"","kind":"well"}},{"type":"Feature","geometry":{"type":"Point","coordinates":[-13.77951,15.11219]},"properties":{"name":"","kind":"well"}},{"type":"Feature","geometry":{"type":"Point","coordinates":[-13.74618,15.17657]},"properties":{"name":"","kind":"well"}},{"type":"Feature","geometry":{"type":"Point","coordinates":[-13.7379,15.18667]},"properties":{"name":"","kind":"well"}},{"type":"Feature","geometry":{"type":"Point","coordinates":[-13.74098,15.18952]},"properties":{"name":"","kind":"well"}},{"type":"Feature","geometry":{"type":"Point","coordinates":[-13.45914,15.28158]},"properties":{"name":"","kind":"well"}},{"type":"Feature","geometry":{"type":"Point","coordinates":[-13.36466,15.46943]},"properties":{"name":"","kind":"well"}},{"type":"Feature","geometry":{"type":"Point","coordinates":[-13.1857,15.4876]},"properties":{"name":"","kind":"well"}},{"type":"Feature","geometry":{"type":"Point","coordinates":[-13.28803,15.1659]},"properties":{"name":"","kind":"well"}},{"type":"Feature","geometry":{"type":"Point","coordinates":[-13.45174,15.14635]},"properties":{"name":"","kind":"well"}},{"type":"Feature","geometry":{"type":"Point","coordinates":[-13.47349,15.11738]},"properties":{"name":"","kind":"well"}},{"type":"Feature","geometry":{"type":"Point","coordinates":[-12.91434,14.91712]},"properties":{"name":"","kind":"well"}},{"type":"Feature","geometry":{"type":"Point","coordinates":[-12.9324,14.87715]},"properties":{"name":"","kind":"well"}},{"type":"Feature","geometry":{"type":"Point","coordinates":[-12.82747,14.69721]},"properties":{"name":"","kind":"well"}},{"type":"Feature","geometry":{"type":"Point","coordinates":[-14.38888,15.61952]},"properties":{"name":"Forage pastoral","kind":"well"}},{"type":"Feature","geometry":{"type":"Point","coordinates":[-14.4589,15.27237]},"properties":{"name":"","kind":"well"}},{"type":"Feature","geometry":{"type":"Point","coordinates":[-13.93456,13.71985]},"properties":{"name":"","kind":"well"}},{"type":"Feature","geometry":{"type":"Point","coordinates":[-13.93343,13.72192]},"properties":{"name":"","kind":"well"}},{"type":"Feature","geometry":{"type":"Point","coordinates":[-13.9435,13.72586]},"properties":{"name":"","kind":"well"}},{"type":"Feature","geometry":{"type":"Point","coordinates":[-13.33193,15.51063]},"properties":{"name":"","kind":"well"}},{"type":"Feature","geometry":{"type":"Point","coordinates":[-14.04432,15.27735]},"properties":{"name":"","kind":"well"}},{"type":"Feature","geometry":{"type":"Point","coordinates":[-13.9149,12.97458]},"properties":{"name":"","kind":"well"}},{"type":"Feature","geometry":{"type":"Point","coordinates":[-13.2492,15.66589]},"properties":{"name":"Bir Ali Jan بئر علي جان","kind":"spring"}},{"type":"Feature","geometry":{"type":"Point","coordinates":[-13.75019,16.40275]},"properties":{"name":"Oulad Yâra","kind":"well"}},{"type":"Feature","geometry":{"type":"Point","coordinates":[-14.1689,16.72453]},"properties":{"name":"Téïdouma","kind":"well"}},{"type":"Feature","geometry":{"type":"Point","coordinates":[-12.93224,16.62066]},"properties":{"name":"Kreyyât","kind":"well"}},{"type":"Feature","geometry":{"type":"Point","coordinates":[-13.19668,16.69858]},"properties":{"name":"El Aganat","kind":"well"}},{"type":"Feature","geometry":{"type":"Point","coordinates":[-13.7509,16.50412]},"properties":{"name":"El Bir","kind":"well"}},{"type":"Feature","geometry":{"type":"Point","coordinates":[-13.788,16.39186]},"properties":{"name":"El Fora","kind":"well"}},{"type":"Feature","geometry":{"type":"Point","coordinates":[-13.72088,16.38636]},"properties":{"name":"Mbardé","kind":"well"}},{"type":"Feature","geometry":{"type":"Point","coordinates":[-13.41185,16.35415]},"properties":{"name":"Mbidâne Teïdoumat Lediak","kind":"well"}},{"type":"Feature","geometry":{"type":"Point","coordinates":[-14.03138,16.69121]},"properties":{"name":"Moundi","kind":"well"}},{"type":"Feature","geometry":{"type":"Point","coordinates":[-14.21667,16.71667]},"properties":{"name":"Toueïdiéri","kind":"well"}},{"type":"Feature","geometry":{"type":"Point","coordinates":[-12.84231,16.75576]},"properties":{"name":"Hassi Touil","kind":"well"}},{"type":"Feature","geometry":{"type":"Point","coordinates":[-13.34194,16.48338]},"properties":{"name":"Mbidâne el Fougani","kind":"spring"}},{"type":"Feature","geometry":{"type":"Point","coordinates":[-14.04352,15.29227]},"properties":{"name":"","kind":"well"}},{"type":"Feature","geometry":{"type":"Point","coordinates":[-13.55108,15.20273]},"properties":{"name":"forage pastoral","kind":"well"}},{"type":"Feature","geometry":{"type":"Point","coordinates":[-13.76533,15.45833]},"properties":{"name":"","kind":"well"}},{"type":"Feature","geometry":{"type":"Point","coordinates":[-13.97918,13.62952]},"properties":{"name":"","kind":"well"}},{"type":"Feature","geometry":{"type":"Point","coordinates":[-14.44168,15.05072]},"properties":{"name":"","kind":"well"}},{"type":"Feature","geometry":{"type":"Point","coordinates":[-14.00518,13.49484]},"properties":{"name":"","kind":"well"}},{"type":"Feature","geometry":{"type":"Point","coordinates":[-13.98441,15.69486]},"properties":{"name":"Puit","kind":"well"}},{"type":"Feature","geometry":{"type":"Point","coordinates":[-13.96035,15.70162]},"properties":{"name":"Puit","kind":"well"}},{"type":"Feature","geometry":{"type":"Point","coordinates":[-13.72928,16.04885]},"properties":{"name":"Puits","kind":"well"}},{"type":"Feature","geometry":{"type":"Point","coordinates":[-13.72235,16.04245]},"properties":{"name":"Puits","kind":"well"}},{"type":"Feature","geometry":{"type":"Point","coordinates":[-13.72317,16.04452]},"properties":{"name":"Puits","kind":"well"}},{"type":"Feature","geometry":{"type":"Point","coordinates":[-13.78569,16.00529]},"properties":{"name":"Puits","kind":"well"}},{"type":"Feature","geometry":{"type":"Point","coordinates":[-13.82357,16.01417]},"properties":{"name":"Puits","kind":"well"}},{"type":"Feature","geometry":{"type":"Point","coordinates":[-13.78768,16.00715]},"properties":{"name":"Puit","kind":"well"}},{"type":"Feature","geometry":{"type":"Point","coordinates":[-13.71467,16.12464]},"properties":{"name":"Puit","kind":"well"}},{"type":"Feature","geometry":{"type":"Point","coordinates":[-13.74767,16.03002]},"properties":{"name":"Puit","kind":"well"}},{"type":"Feature","geometry":{"type":"Point","coordinates":[-13.82194,16.01]},"properties":{"name":"Puit","kind":"well"}},{"type":"Feature","geometry":{"type":"Point","coordinates":[-13.71683,16.12375]},"properties":{"name":"Puit","kind":"well"}},{"type":"Feature","geometry":{"type":"Point","coordinates":[-13.69185,16.09874]},"properties":{"name":"Puits","kind":"well"}},{"type":"Feature","geometry":{"type":"Point","coordinates":[-13.68992,16.09802]},"properties":{"name":"Puits","kind":"well"}},{"type":"Feature","geometry":{"type":"Point","coordinates":[-13.82459,16.01158]},"properties":{"name":"Puit","kind":"well"}},{"type":"Feature","geometry":{"type":"Point","coordinates":[-13.72659,16.04887]},"properties":{"name":"Puits","kind":"well"}},{"type":"Feature","geometry":{"type":"Point","coordinates":[-13.79918,15.86613]},"properties":{"name":"Puits","kind":"well"}},{"type":"Feature","geometry":{"type":"Point","coordinates":[-13.70155,16.10116]},"properties":{"name":"Puits","kind":"well"}},{"type":"Feature","geometry":{"type":"Point","coordinates":[-13.8734,15.85376]},"properties":{"name":"Puits","kind":"well"}},{"type":"Feature","geometry":{"type":"Point","coordinates":[-13.90578,15.78494]},"properties":{"name":"Puits","kind":"well"}},{"type":"Feature","geometry":{"type":"Point","coordinates":[-13.90108,15.78537]},"properties":{"name":"Puits","kind":"well"}},{"type":"Feature","geometry":{"type":"Point","coordinates":[-13.69843,16.01293]},"properties":{"name":"Puits","kind":"well"}},{"type":"Feature","geometry":{"type":"Point","coordinates":[-13.69897,16.01059]},"properties":{"name":"Puits","kind":"well"}},{"type":"Feature","geometry":{"type":"Point","coordinates":[-13.70613,16.00941]},"properties":{"name":"Puits","kind":"well"}},{"type":"Feature","geometry":{"type":"Point","coordinates":[-13.69863,16.10343]},"properties":{"name":"Puit","kind":"well"}},{"type":"Feature","geometry":{"type":"Point","coordinates":[-13.73791,15.93701]},"properties":{"name":"Puit","kind":"well"}},{"type":"Feature","geometry":{"type":"Point","coordinates":[-13.66181,16.08739]},"properties":{"name":"Puit","kind":"well"}},{"type":"Feature","geometry":{"type":"Point","coordinates":[-13.66926,16.09528]},"properties":{"name":"Puit","kind":"well"}},{"type":"Feature","geometry":{"type":"Point","coordinates":[-13.75392,15.94679]},"properties":{"name":"Puit","kind":"well"}},{"type":"Feature","geometry":{"type":"Point","coordinates":[-13.70526,16.01916]},"properties":{"name":"Puits","kind":"well"}},{"type":"Feature","geometry":{"type":"Point","coordinates":[-13.70413,16.01216]},"properties":{"name":"Puits","kind":"well"}},{"type":"Feature","geometry":{"type":"Point","coordinates":[-13.70882,16.01784]},"properties":{"name":"Puits","kind":"well"}},{"type":"Feature","geometry":{"type":"Point","coordinates":[-14.07965,16.79953]},"properties":{"name":"","kind":"well"}}]}